"CUSTOMER_ID","AGE","EDUCATION","NATIONALITY","YRS_WORK","YRS_ADDRESS","INCOME","DEBT_INCOME","CREDIT_DEBT","OTHER_DEBT","DEFAULT"
10012,28,"Med","N",7,2,44,17.7,2.99,4.8,"N"
10017,64,"Posg","N",34,17,116,14.7,5.05,12,"N"
10030,40,"Bas","N",20,12,61,4.8,1.04,1.89,"N"
10039,30,"Bas","N",11,3,27,34.5,1.75,7.56,"N"
10069,25,"Bas","N",2,2,30,22.4,0.76,5.96,"S"
10071,NA,"Bas","N",2,9,38,10.9,1.46,2.68,"S"
10096,26,"SupInc","N",2,4,38,11.9,0.95,3.57,"S"
10128,25,"Bas","N",4,2,30,14.4,1.05,3.27,"N"
10129,65,"SupCom","N",29,14,189,5,3.36,6.09,"N"
10140,21,"SupInc","N",0,0,23,3.9,0.31,0.59,"N"
10142,62,"Bas","N",33,13,96,17.5,6.69,10.11,"N"
10169,30,"SupCom","N",4,3,39,10.6,2.39,1.74,"S"
10197,38,"Posg","N",7,7,124,19.1,9.52,14.16,"N"
10200,18,"Med","N",0,0,35,3.9,0.17,1.19,"N"
10218,53,"Bas","N",9,13,41,13.3,2.33,3.12,"N"
10234,18,"Med","N",0,0,15,7.4,0.83,0.28,"S"
10351,18,"Med","N",0,0,56,15.7,1.84,6.95,"S"
10423,19,"Bas","N",2,NA,31,0.3,0.02,0.07,"S"
10428,19,"Med","N",0,0,26,5.8,0.59,0.92,"S"
10449,56,"Med","N",27,21,125,8.5,2.9,7.72,"N"
10455,21,"Med","N",1,1,40,7.6,1.52,1.52,"S"
10474,25,"Bas","N",8,3,37,8.3,0.95,2.12,"N"
10525,47,"SupInc","N",8,10,43,6.1,0.36,2.26,"N"
10564,40,"SupCom","N",17,11,103,13.3,10.41,3.29,"S"
10567,41,"Med","N",16,11,56,3.4,0.9,1.01,"N"
10746,23,"SupCom","N",0,2,118,6.4,0.29,7.26,"N"
10775,45,"Posg","N",1,4,58,15.4,2.37,6.57,"S"
10776,37,"SupInc","N",15,10,65,5,1.3,1.95,"N"
10797,47,"Med","N",23,14,46,11.7,0.84,4.54,"N"
10798,23,"SupCom","N",0,2,42,6.7,1.58,1.23,"N"
10800,18,"Med","N",0,0,19,5.2,0.32,0.67,"S"
10802,19,"Med","N",0,0,21,2,0.28,0.14,"S"
10805,41,"Bas","N",3,12,23,10.6,0.15,2.29,"S"
10824,42,"Med","N",3,12,76,5.2,0.72,3.23,"S"
10839,29,"SupCom","N",2,3,45,3,0.67,0.68,"N"
10870,24,"SupCom","N",0,2,41,8.4,0.79,2.66,"N"
10884,45,"Posg","N",9,11,48,10.2,3.53,1.37,"N"
10887,39,"SupCom","N",8,9,259,7.2,1.55,17.1,"N"
10893,40,"Med","N",15,6,46,10.6,0.82,4.06,"N"
10927,21,"SupInc","N",0,0,17,17.6,1.37,1.62,"S"
10935,55,"SupInc","N",34,16,150,9.9,0.73,14.12,"N"
11045,29,"Med","N",6,4,35,3.3,0.2,0.96,"S"
11057,22,"SupInc","N",0,0,24,5.2,0.28,0.97,"S"
11080,58,"SupCom","N",24,18,70,6.8,2.3,2.46,"N"
11199,53,"Med","N",14,19,67,6.1,1.06,3.02,"N"
11267,31,"SupInc","N",5,7,25,6.8,0.43,1.27,"N"
11288,26,"Bas","N",4,2,23,6.9,0.17,1.42,"N"
11307,23,"SupCom","N",0,0,28,19.2,1.72,3.66,"S"
11329,25,"Med","N",1,3,19,28.6,2.34,3.1,"S"
11337,52,"SupInc","N",23,10,153,4.5,2.12,4.76,"N"
11344,25,"SupInc","N",0,1,35,9.7,0.13,3.26,"S"
11363,22,"SupCom","N",0,1,31,22.8,1.31,5.75,"S"
11423,38,"SupInc","N",8,8,35,26.4,3.78,5.46,"N"
11461,42,"Med","N",16,11,49,9.7,0.56,4.2,"N"
11466,52,"Bas","N",5,18,36,9.8,1.4,2.13,"N"
11472,30,"Bas","N",2,3,18,3,0.07,0.47,"S"
11475,59,"SupCom","N",20,16,144,3.4,2.49,2.4,"N"
11512,34,"SupInc","N",5,5,44,5.6,0.74,1.72,"N"
11557,33,"Bas","N",11,6,52,9.1,0.95,3.79,"S"
11569,26,"SupInc","N",2,3,21,8.2,0.54,1.18,"N"
11628,25,"SupInc","N",2,1,26,11.9,1.24,1.86,"S"
11652,19,"Med","N",0,0,43,21.2,3.43,5.69,"S"
11661,41,"Posg","N",7,12,47,5.2,1.64,0.81,"N"
11690,36,"Med","N",2,9,27,9.3,0.74,1.78,"S"
11703,20,"Med","N",0,0,21,10.2,0.55,1.59,"N"
11712,35,"Med","N",6,5,NA,2.5,0.45,0.2,"N"
11755,33,"SupCom","N",3,4,34,1.2,0.23,0.18,"N"
11783,38,"SupCom","N",0,12,37,2,0.1,0.64,"N"
11809,40,"Med","N",6,6,36,6.6,1.58,0.8,"S"
11852,39,"Med","N",7,6,82,17.4,3.71,10.56,"N"
11859,18,"Med","N",0,0,12,8.2,0.15,0.83,"S"
11860,66,"Bas","N",40,17,-149,13.1,7.79,11.73,"N"
11897,43,"Med","N",6,6,40,6.6,0.5,2.14,"N"
11916,39,"SupCom","N",14,8,46,6.5,0.5,2.49,"N"
11941,27,"SupInc","N",5,4,27,10.5,0.99,1.84,"N"
11964,47,"SupInc","N",17,13,111,8.8,5.73,4.03,"N"
11973,25,"Bas","N",9,3,25,23.5,0.34,5.53,"S"
11995,57,"SupInc","N",7,14,43,20.8,2.5,6.45,"S"
12099,69,"Bas","N",6,24,60,18.6,1.27,9.89,"N"
12104,20,"SupInc","N",0,0,22,4.2,0.54,0.39,"S"
12110,42,"Bas","N",15,7,60,6.1,2.01,1.65,"N"
12133,33,"Med","N",12,5,70,5.7,0.83,3.16,"N"
12149,1970,"Med","N",10,7,29,4.2,0.47,0.74,"N"
12157,35,"SupInc","N",0,7,36,4.7,0.55,1.15,"N"
12239,46,"SupInc","N",20,16,122,6.7,2.89,5.28,"N"
12382,24,"SupCom","N",0,1,27,4.2,0.44,0.69,"N"
12439,34,"SupInc","N",7,8,43,30.3,3.92,9.11,"S"
12540,36,"Med","N",7,4,41,18.9,3.18,4.57,"N"
12596,19,"Bas","N",0,0,18,15.1,0.79,1.92,"S"
12638,29,"Posg","N",1,4,51,1.3,0.28,0.38,"N"
12687,44,"Med","N",7,9,59,8.4,1.77,3.19,"N"
12710,19,"Med","N",0,0,28,11.7,0.82,2.45,"N"
12729,39,"Bas","N",2,9,29,3.7,0.48,0.6,"N"
12759,30,"SupCom","N",5,5,222,2.9,1.97,4.47,"N"
12779,72,"Med","N",44,13,187,9.2,4.71,12.49,"N"
12841,18,"Med","N",0,0,30,7,0.81,1.29,"S"
12910,28,"SupInc","N",7,5,30,8.5,0.46,2.09,"N"
12946,24,"Bas","N",5,2,27,10,1.29,1.41,"N"
13005,33,"Med","N",8,4,45,12.1,0.11,5.34,"N"
13013,34,"SupCom","N",11,4,132,NA,1.51,4.69,"N"
60060,46,"SupCom","N",7,16,41,2.5,0.35,0.67,"N"
60063,36,"Med","N",16,4,96,12.2,5.42,6.29,"N"
60070,45,"Bas","N",13,7,65,28.6,10.73,7.86,"S"
60087,59,"Bas","N",34,26,154,8.5,8.33,4.76,"N"
60090,35,"Med","N",9,1,80,12.9,4.28,6.04,"S"
60112,62,"SupCom","N",31,22,387,15,5.4,52.65,"N"
60199,29,"SupCom","N",1,4,38,4.5,0.82,0.89,"S"
60220,56,"SupInc","N",30,14,167,1.4,0.46,1.88,"N"
60229,24,"Med","N",4,1,39,21.5,3.97,4.42,"S"
60237,32,"SupInc","N",1,6,45,13.9,1.51,4.74,"S"
60256,25,"Med","N",6,2,29,5.9,0.64,1.07,"N"
60309,37,"Bas","N",9,6,33,1.2,0.11,0.28,"N"
60324,27,"SupInc","N",1,2,28,23.5,0.82,5.76,"N"
60346,56,"Med","N",37,10,160,11.4,6.77,11.47,"N"
60410,31,"Med","N",11,6,61,34.4,9.48,11.5,"S"
60435,59,"Bas","N",31,15,86,6.8,1.61,4.23,"N"
60494,65,"SupInc","N",26,16,186,4.2,2.98,4.83,"N"
60497,26,"Bas","N",0,3,29,16.9,3.09,1.81,"S"
60499,27,"SupInc","N",3,4,68,24.9,5.23,11.7,"S"
60515,30,"Bas","N",6,3,22,15.5,0.13,3.28,"S"
60625,43,"Bas","N",22,13,96,1.2,0.34,0.81,"N"
60634,30,"SupCom","N",4,5,64,14.1,2.83,6.19,"N"
60657,18,"Med","N",0,0,19,14,0.56,2.1,"S"
60686,24,"SupInc","N",1,1,33,14,0.06,4.56,"N"
60777,31,"SupCom","N",0,6,28,4.5,0.07,1.19,"N"
60925,25,"Bas","N",4,3,31,3.1,0.37,0.59,"N"
60937,24,"SupCom","N",0,2,48,1.2,0.06,0.51,"S"
60942,26,"SupInc","N",2,3,37,3.1,0.35,0.8,"N"
60944,33,"Med","N",13,5,54,16.2,2.88,5.87,"S"
60947,44,"SupCom","N",18,9,136,4.2,1.42,4.3,"N"
60949,18,"Med","N",0,0,16,6,0.4,0.56,"N"
60980,29,"SupInc","N",1,2,34,15.5,0.39,4.88,"S"
61081,21,"SupInc","N",0,1,27,16.5,1.16,3.3,"N"
61231,41,"Med","N",22,13,54,4.1,0.82,1.39,"N"
61255,40,"SupCom","N",11,8,238,7.9,6.34,12.47,"N"
61272,37,"Bas","N",5,10,21,14.5,0.71,2.33,"N"
61437,24,"Bas","N",6,3,36,13.2,1.92,2.83,"N"
61475,24,"SupCom","N",0,4,18,2.9,0.18,0.34,"N"
61481,18,"Med","N",0,0,25,2.9,0.56,0.16,"N"
61510,30,"SupCom","N",5,6,95,7,3.46,3.19,"N"
61513,36,"Bas","N",4,8,45,13.2,0.33,5.61,"N"
61536,34,NA,"N",14,9,39,11.4,2.71,1.73,"N"
61605,63,"SupInc","N",8,25,92,5.6,0.89,4.27,"N"
61632,56,"Posg","N",16,19,232,2.8,2.1,4.39,"N"
61637,41,"Med","N",9,8,68,28.3,4.52,14.72,"S"
61638,23,"SupCom","N",0,1,53,3,0.63,0.96,"S"
61685,25,"Posg","N",0,3,32,14.6,1.45,3.22,"S"
61722,22,"Bas","N",1,1,22,3.2,0.16,0.55,"N"
61760,58,"Med","N",19,9,114,6.4,0.28,7.02,"N"
61791,31,"SupInc","N",7,5,53,2.7,0.73,0.7,"N"
61800,47,"Med","N",6,10,40,8.7,1.31,2.17,"S"
61802,55,"Med","N",13,11,63,17.5,2.56,8.47,"N"
61844,39,"Med","N",9,5,NA,9.2,2.08,3.44,"N"
61875,27,"Posg","N",0,4,30,4.3,0.42,0.87,"N"
61881,30,"SupInc","N",7,4,60,21.6,5.57,7.39,"S"
61920,35,"Med","N",6,5,32,7.6,0.82,1.61,"N"
61946,30,"SupCom","N",4,7,30,9.2,0.89,1.87,"N"
61952,19,"Med","N",0,0,23,8.8,1.11,0.92,"N"
61972,38,"SupCom","N",14,4,98,16.5,1.34,14.83,"N"
61980,20,"Med","N",1,0,19,8,0.78,0.74,"N"
62038,43,"Med","N",14,8,61,10.8,2.17,4.41,"N"
62060,25,"Med","N",2,3,25,9.9,1.4,1.08,"N"
62074,41,"Bas","N",11,5,36,10.2,1.37,2.31,"S"
62109,37,"SupInc","N",3,4,36,6.7,0.68,1.73,"N"
62155,22,"Bas","N",0,2,17,3.7,0.14,0.49,"S"
62168,23,"Med","N",0,3,27,17.6,2.13,2.62,"S"
62184,45,"SupCom","N",1,8,60,9.9,1.14,4.8,"S"
62219,19,"Bas","N",1,0,20,8.8,0.55,1.21,"N"
62223,26,"Med","N",6,3,23,13.6,0.13,3,"N"
62229,25,"SupCom","N",0,2,21,22.3,1.68,3.01,"S"
62238,49,"SupCom","N",1,8,51,11.2,1.86,3.85,"N"
62301,76,"Bas","N",15,20,26,5.6,0.14,1.32,"N"
62380,28,"SupInc","N",1,3,16,5.2,0.5,0.33,"N"
62399,37,"Bas","N",18,8,36,4.8,0.44,1.29,"N"
62406,41,"Bas","N",9,8,29,5.6,0.25,1.38,"N"
62428,30,"Med","N",8,4,68,2.4,0.27,1.36,"N"
62534,39,"SupInc","N",4,9,78,14,7.21,3.71,"S"
62545,25,"SupInc","N",2,2,19,3.4,0.19,0.46,"N"
62573,26,"Posg","N",0,4,19,7.7,0.67,0.79,"N"
62602,24,"Bas","N",8,2,28,6.6,0.26,1.59,"N"
62610,61,"Bas","N",0,10,42,18.4,4.01,3.72,"N"
62637,26,"Med","N",6,2,38,10.6,2.57,1.46,"N"
62645,18,"Med","N",0,0,44,9.2,1.25,2.8,"N"
62691,41,"Med","N",21,8,189,6.3,6.22,5.69,"N"
62693,49,"SupInc","N",9,16,64,6.1,0.33,3.57,"N"
62744,18,"Bas","N",0,0,20,3.9,0.37,0.41,"N"
62750,18,"Med","N",0,0,24,6.5,0.3,1.26,"N"
62792,52,"SupCom","N",2,12,96,7.1,2.28,4.54,"S"
62812,32,"Med","N",2,6,30,9.4,1.18,1.64,"N"
62835,27,"Med","N",6,5,42,9.1,2.19,1.64,"S"
62837,23,"SupInc","N",0,2,57,17.8,2.73,7.42,"S"
62863,29,"SupCom","N",3,3,46,8.1,0.29,3.44,"N"
62867,73,"Med","N",53,25,410,4.1,3.11,13.7,"N"
62923,31,"SupCom","N",3,5,22,4.6,0.23,0.79,"N"
62975,19,"Med","N",0,0,28,9.1,0.87,1.68,"S"
63023,57,"Med","N",4,9,39,4.3,0.56,1.12,"N"
63041,18,"Med","N",0,0,19,1.5,0.06,0.22,"N"
63054,22,"Bas","N",1,1,19,8.9,0.49,1.2,"N"
63055,21,"Med","N",0,1,30,4.3,0.18,1.11,"N"
63071,33,"SupInc","N",4,4,60,9.5,1.61,4.09,"N"
70016,21,"SupInc","N",0,1,41,23.4,1.97,7.63,"S"
70065,42,"SupInc","N",18,15,63,11.3,2.54,4.58,"N"
70093,32,"SupInc","N",10,5,38,11.5,1.05,3.32,"N"
70178,33,"SupCom","N",5,4,105,13.4,7.05,7.02,"S"
70186,73,"Bas","N",50,34,289,8.4,7.84,16.43,"N"
70221,61,"SupCom","N",23,20,81,8.9,1.7,5.51,"N"
70248,38,"Posg","N",2,8,229,6.7,3.94,11.4,"N"
70269,46,"SupInc","N",13,11,45,22.2,3.33,6.66,"S"
70325,20,"SupInc","N",0,0,20,7.2,0.34,1.1,"S"
70403,19,"Med","N",0,0,24,15.6,0.75,3,"S"
70412,28,"SupCom","N",0,4,47,18.6,6.71,2.04,"S"
70430,24,"SupCom","N",0,2,21,6.6,0.58,0.81,"S"
70522,53,"Bas","N",1,12,30,8.8,0.41,2.23,"N"
70525,35,"Med","N",14,7,62,8.2,0.6,4.48,"N"
70548,43,"Med","N",7,11,53,3.7,0.85,1.11,"N"
70553,32,"Bas","N",9,6,33,8.1,1.15,1.52,"N"
70558,27,"Bas","N",9,1,28,5.7,0.11,1.49,"N"
70567,18,"Med","N",0,0,22,1.5,0.13,0.2,"N"
70673,19,"Med","N",0,0,31,28.7,5.36,3.53,"S"
70687,18,"Med","N",0,0,36,6.2,1.05,1.18,"S"
70710,54,"Med","N",20,15,82,20,4.35,12.05,"N"
70770,43,"SupInc","N",0,4,31,2.4,0.28,0.46,"N"
70849,50,"Med","N",15,14,65,12.6,3.05,5.14,"N"
70886,26,"Bas","N",10,3,31,8.8,0.78,1.95,"N"
70888,35,"Med","N",4,2,57,6,1.29,2.13,"N"
70907,47,"Med","N",6,12,34,4.4,0.53,0.97,"N"
70938,31,"Posg","N",2,5,19,15.9,0.94,2.08,"N"
71122,40,"SupInc","N",7,11,53,12.4,1.48,5.09,"N"
71175,56,"SupCom","N",14,25,206,27.9,15.29,42.19,"S"
71264,34,"SupCom","N",3,8,72,7.6,0.38,5.09,"N"
71270,18,"Med","N",0,0,18,12.7,0.65,1.64,"S"
71417,46,"Med","N",24,10,78,6.9,2.74,2.64,"N"
71424,31,"Med","N",2,6,45,3.1,0.43,0.96,"N"
71431,25,"Med","N",1,1,16,2.1,0.15,0.19,"N"
71439,79,"Bas","N",63,18,497,8.2,15.08,25.68,"N"
71522,43,"SupInc","N",21,14,125,11.5,6.33,8.05,"N"
71585,26,"Bas","N",9,3,41,22.1,0.62,8.44,"N"
71630,26,"SupInc","N",1,4,36,12.5,1.59,2.91,"N"
71699,18,"Bas","N",0,0,28,17,1.75,3.01,"S"
71730,30,"Med","N",0,4,25,7.4,0.26,1.59,"N"
71732,47,"SupInc","N",3,8,69,5.2,0.9,2.69,"N"
71758,18,"Med","N",0,0,35,12.4,1.13,3.21,"N"
71761,30,"Bas","N",13,3,38,4.6,0.34,1.41,"N"
71782,21,"SupInc","N",0,1,25,6.7,1.29,0.38,"S"
71784,33,"SupCom","N",4,9,119,15.3,6.57,11.63,"S"
71812,36,"Med","N",3,6,28,4.9,0.26,1.12,"N"
71817,26,"Med","N",7,3,49,17.7,5.38,3.3,"S"
71896,20,"SupInc","N",0,0,21,1.3,0.18,0.09,"S"
72021,56,"Med","N",19,8,76,1.2,0.18,0.73,"N"
72023,42,"SupCom","N",7,12,130,11.6,3.33,11.75,"S"
72147,23,"SupCom","N",0,3,47,8.9,0.62,3.56,"N"
72213,32,"SupInc","N",3,8,86,7.9,2.2,4.59,"N"
72221,20,"SupInc","N",0,0,30,10.6,2.53,0.65,"S"
72302,19,"Med","N",0,0,21,12,0.35,2.17,"N"
72307,26,"Med","N",1,0,26,11.1,1.69,1.19,"S"
72327,19,"Med","N",0,0,20,0.1,0.01,0.01,"S"
72385,59,"SupInc","N",31,21,102,0.3,0.1,0.2,"N"
72447,21,"SupInc","N",0,1,13,8.3,0.45,0.63,"S"
72506,39,"SupCom","N",14,6,152,27.4,13.41,28.24,"S"
72584,18,"Med","N",0,0,12,3.3,0.11,0.29,"S"
72633,20,"Med","N",0,0,38,7.5,0.36,2.49,"N"
72635,33,"SupCom","N",1,6,23,4.2,0.19,0.77,"S"
72704,19,"Bas","N",1,0,16,3.4,0.31,0.24,"S"
72756,29,"SupInc","N",5,5,52,16.8,5.63,3.1,"N"
72803,70,"SupInc","N",48,25,165,14.8,0.56,23.86,"N"
72806,44,"Bas","N",22,8,93,9,4.38,3.99,"N"
72846,40,"Med","N",20,10,117,11.9,4.94,8.98,"N"
72860,21,"Med","N",1,1,23,7.4,0.26,1.44,"S"
72954,43,"Med","N",8,11,48,9.7,1.32,3.34,"N"
73016,27,"Med","N",3,4,28,4.2,0.54,0.64,"N"
73083,21,"SupInc","N",0,1,21,10.4,1.54,0.65,"N"
73188,29,"Med","N",3,5,45,14.1,1.68,4.66,"S"
73525,41,"Med","N",2,10,40,7.9,0.31,2.85,"N"
73537,28,"SupCom","N",5,3,30,7,0.46,1.64,"N"
73591,48,"Med","N",5,10,43,6.9,2.26,0.7,"S"
73650,25,"Posg","N",0,3,66,2.8,0.9,0.94,"N"
73703,41,"Med","N",3,7,62,7,2.89,1.45,"S"
73741,22,"Med","N",1,2,24,16.1,0.8,3.07,"N"
73764,47,"SupInc","N",8,11,43,11.8,2.27,2.8,"N"
73864,18,"Med","N",0,0,24,5.3,0.59,0.68,"N"
73907,28,"Posg","N",0,4,50,8.6,0.28,4.02,"N"
73999,41,"Med","N",5,8,37,5.8,0.35,1.8,"N"
74006,31,"Med","N",2,7,42,10.3,0.86,3.47,"S"
74096,19,"Med","N",0,0,21,14.3,1.22,1.78,"N"
74136,31,"SupInc","N",1,7,28,2,0.17,0.39,"N"
74169,18,"Med","N",0,0,21,21.8,1.44,3.14,"S"
74209,39,"Med","N",5,5,39,4.2,0.72,0.92,"N"
74221,20,"Med","N",0,0,17,7.3,0.57,0.67,"S"
74272,31,"SupCom","N",8,4,29,6.8,1.12,0.85,"N"
74287,23,"Bas","N",3,1,41,5.5,0.67,1.58,"N"
74372,25,"SupInc","N",3,3,58,20.6,3.5,8.45,"N"
74378,29,"SupCom","N",3,1,47,2.9,0.53,0.83,"N"
74394,38,"SupInc","N",15,4,136,20.2,6.76,20.71,"S"
74471,39,"Bas","N",8,9,41,0.1,0.03,0.01,"N"
74498,28,"SupCom","N",4,4,20,15.5,0.3,2.8,"S"
74528,40,"SupInc","N",10,12,38,6.1,0.92,1.4,"N"
74547,46,"SupInc","N",2,13,56,2.3,0.41,0.87,"N"
74589,61,"Bas","N",45,22,209,10.9,4.12,18.66,"N"
74658,49,"SupCom","N",18,13,182,4.8,0.94,7.79,"N"
74677,71,"Med","N",35,19,131,11.6,6.03,9.16,"N"
95009,20,"Bas","N",2,0,20,2.7,0.2,0.34,"S"
95034,20,"SupInc","N",0,0,20,11.3,1.96,0.3,"S"
95050,18,"Med","N",0,0,29,5.6,0.9,0.73,"N"
95066,32,"Posg","N",3,6,59,9,1.85,3.46,"N"
95138,42,"SupInc","N",2,13,22,13.6,1.46,1.53,"S"
95177,43,"SupInc","N",9,9,57,4.5,1.81,0.76,"N"
95185,27,"Bas","N",7,5,43,10,1.2,3.1,"N"
95204,23,"Med","N",3,2,66,2.7,0.79,0.99,"N"
95209,21,"Med","N",1,0,33,13.1,1.31,3.01,"S"
95220,49,"SupInc","N",24,11,90,13.9,8.06,4.45,"N"
95299,49,"Med","N",28,11,93,12.8,1.56,10.34,"N"
95372,19,"Med","N",0,0,28,9.7,1.35,1.37,"S"
95384,24,"SupCom","N",0,2,21,11,0.72,1.59,"S"
95388,23,"SupCom","N",0,1,30,12.8,2.3,1.54,"S"
95450,43,"SupInc","N",13,9,82,9.9,1.78,6.34,"N"
95481,28,"Med","N",8,3,22,5.4,0.17,1.02,"N"
95530,26,"SupCom","N",2,3,36,14.4,1.89,3.29,"S"
95541,40,"SupCom","N",7,11,33,12.4,0.65,3.45,"N"
95582,47,"Bas","N",22,17,108,8.9,1.37,8.24,"N"
95633,19,"Med","N",0,0,22,16.8,1.64,2.06,"S"
95641,71,"Bas","N",18,27,57,11.5,2.58,3.97,"N"
95723,72,"SupCom","N",26,24,146,12.6,2.12,16.28,"N"
95739,45,"Med","N",1,10,43,2.8,0.38,0.82,"N"
95833,20,"SupInc","N",0,0,29,17,1.93,3,"S"
95858,42,"Med","N",7,8,47,7.8,1.02,2.65,"N"
95859,33,"SupCom","N",1,3,40,13.3,0.87,4.45,"N"
95998,42,"Med","N",19,8,63,20.4,5.31,7.54,"N"
96001,20,"SupInc","N",0,0,28,10.4,0.93,1.98,"S"
96007,20,"SupInc","N",0,1,19,4.5,0.35,0.51,"N"
96037,20,"SupInc","N",0,0,20,13.5,0.59,2.11,"N"
96088,34,"SupInc","N",11,5,68,11.9,3.37,4.73,"N"
96098,39,"Bas","N",12,11,47,9.5,1.03,3.43,"N"
96116,42,"Bas","N",2,10,38,3.6,0.39,0.98,"S"
96167,61,"Bas","N",7,22,35,10.4,0.7,2.94,"N"
96197,30,"SupCom","N",2,6,61,2.9,0.64,1.13,"S"
96228,39,"SupCom","N",12,9,82,6.2,1.79,3.29,"N"
96253,26,"SupInc","N",5,2,25,10.8,1.13,1.57,"N"
96263,62,"SupInc","N",12,10,108,7.3,1.38,6.5,"N"
96479,48,"Med","N",17,8,81,30,11.64,12.66,"S"
96521,39,"SupInc","N",17,9,165,3.3,2.55,2.89,"N"
96536,51,"Bas","N",33,13,234,9.6,4.25,18.22,"N"
96611,31,"SupInc","N",4,6,43,6.9,0.66,2.31,"N"
96627,45,"SupInc","N",19,7,286,5,4.53,9.77,"N"
96714,44,"SupCom","N",0,9,167,10.6,7.79,9.91,"S"
96732,28,"Med","N",9,3,36,3.2,0.09,1.06,"N"
96945,36,"SupInc","N",8,4,41,11.1,1.57,2.98,"S"
96961,38,"Posg","N",4,5,66,10.7,2.4,4.66,"S"
97000,61,"Med","N",22,6,108,22.2,6.04,17.93,"N"
97003,66,"SupInc","N",6,20,61,7.7,1.2,3.49,"S"
97045,24,"Med","N",5,3,31,10.4,0.7,2.52,"N"
97048,45,"Bas","N",12,10,44,9.8,1.6,2.72,"N"
97147,47,"Posg","N",8,13,33,15.4,1.71,3.37,"N"
97173,19,"Med","N",0,0,25,3.9,0.68,0.29,"S"
97191,28,"Med","N",2,5,26,23.6,0.74,5.4,"S"
97247,40,"SupCom","N",3,10,35,10,1.09,2.42,"S"
97289,25,"SupCom","N",1,1,27,14.2,0.46,3.38,"N"
97350,64,"Bas","N",26,26,56,20.3,2.01,9.36,"N"
97355,40,"SupInc","N",15,4,78,15.5,3.52,8.57,"N"
97357,37,"Posg","N",1,10,90,1.8,0.25,1.37,"N"
97402,56,"Med","N",35,14,236,3.9,6.68,2.52,"N"
97548,33,"SupInc","N",8,4,102,28.8,7.93,21.44,"S"
97595,66,"SupInc","N",30,22,104,6.7,2.29,4.68,"N"
97629,18,"Med","N",0,0,28,9.9,1.05,1.72,"N"
97815,52,"SupInc","N",28,23,108,3.9,2.21,2,"N"
97845,46,"Bas","N",2,10,38,8.2,0.5,2.62,"S"
97911,51,"Med","N",3,14,19,4.9,0.34,0.59,"N"
97992,34,"Med","N",6,4,45,9.1,1.31,2.78,"N"
98023,19,"Med","N",0,0,18,6.3,0.26,0.87,"N"
98041,52,"Bas","N",33,12,80,9,1.06,6.14,"N"
98114,24,"Bas","N",2,2,29,23.6,0.47,6.38,"N"
98144,35,"SupCom","N",5,4,47,16.1,3.18,4.39,"S"
98195,29,"SupCom","N",1,4,50,15.1,2.67,4.88,"S"
98277,47,"Med","N",10,10,48,7,1.98,1.38,"N"
98410,26,"SupInc","N",4,4,50,0.8,0.13,0.27,"N"
98611,27,"SupCom","N",2,3,34,11.4,2.16,1.72,"N"
98648,19,"Med","N",0,0,36,6.7,0.89,1.52,"N"
98678,51,"Med","N",28,20,134,4.1,1.75,3.74,"N"
98849,46,"Bas","N",13,12,94,15.7,8.31,6.45,"S"
98854,23,"SupInc","N",1,1,30,13.6,2.04,2.04,"S"
98855,19,"Med","N",0,0,20,5.6,0.16,0.96,"S"
98961,23,"Med","N",3,1,27,17.8,0.93,3.88,"S"
98972,30,"SupCom","N",1,6,16,8.5,1.08,0.28,"S"
98987,21,"SupInc","N",0,0,35,6.8,0.91,1.47,"S"
99058,20,"SupInc","N",0,0,35,5.8,0.76,1.27,"N"
99139,23,"SupCom","N",0,2,36,1.1,0.1,0.29,"N"
99161,46,"SupInc","N",2,14,27,12.1,0.55,2.72,"N"
99306,43,"Med","N",20,8,180,7.3,4.2,8.94,"N"
99337,27,"Med","N",5,3,28,5.2,0.5,0.96,"N"
99363,45,"Bas","N",3,13,38,22.1,2.59,5.8,"S"
99378,22,"SupInc","N",1,2,27,9.8,0.25,2.4,"N"
99388,41,"Med","N",13,7,50,14.2,3.72,3.38,"S"
99395,52,"Bas","N",8,6,43,17.5,3.44,4.09,"N"
99428,53,"Med","N",34,18,251,15.9,12.37,27.54,"N"
99436,20,"SupInc","N",0,0,45,7.7,1.14,2.32,"S"
99449,30,"Posg","N",2,8,99,1.5,0.8,0.69,"N"
99476,68,"Med","N",0,17,22,12.5,1.05,1.7,"N"
99524,31,"SupCom","N",0,7,41,3.8,1.11,0.44,"N"
99592,54,"Med","N",2,21,32,6.7,0.17,1.97,"N"
99593,26,"SupInc","N",2,3,38,7.6,1.39,1.49,"S"
99634,32,"Med","N",12,6,61,8.2,0.3,4.71,"N"
120070,27,"Med","N",4,2,34,15.1,0.84,4.3,"N"
120073,60,"SupInc","N",22,10,60,22.3,3.25,10.13,"N"
120117,47,"Med","N",13,19,58,3.5,0.62,1.41,"N"
120155,47,"Med","N",6,11,75,15.2,2.93,8.47,"N"
120174,69,"SupCom","N",7,20,75,13.5,1.03,9.09,"S"
120175,45,"Med","N",7,8,32,5.4,0.13,1.6,"N"
120194,29,"SupInc","N",2,5,31,6.8,1.41,0.7,"N"
120199,29,"SupInc","N",4,5,67,7.9,0.93,4.36,"N"
120278,27,"Bas","N",5,2,33,5.1,0.58,1.1,"N"
120285,44,"Bas","N",9,3,37,18.4,2.92,3.89,"N"
120304,21,"SupInc","N",0,1,55,17.1,6.9,2.5,"S"
120306,26,"SupInc","N",4,4,28,15,2.38,1.82,"N"
120397,56,"SupInc","N",26,13,384,11.2,23.31,19.7,"S"
120428,38,"SupCom","N",4,8,91,3.9,1.02,2.53,"S"
120482,42,"SupCom","N",17,8,54,10.3,0.29,5.27,"N"
120611,43,"SupInc","N",13,11,59,11,1.72,4.77,"S"
120614,37,"Med","N",17,6,123,10.6,3.89,9.15,"N"
120633,64,"SupInc","N",15,22,227,29.9,35.97,31.9,"S"
120651,39,"Med","N",0,10,38,7.5,0.2,2.65,"N"
120658,21,"Med","N",1,0,20,20.3,0.41,3.65,"N"
120708,30,"SupCom","N",5,3,62,2.6,0.7,0.91,"N"
120724,52,"Med","N",9,12,72,15.4,4.08,7.01,"N"
120769,40,"SupCom","N",5,9,62,8,1.49,3.47,"S"
120806,23,"Med","N",3,2,25,2.5,0.17,0.45,"N"
120822,40,"Med","N",2,7,32,3.4,0.18,0.91,"N"
120942,19,"Med","N",0,0,37,3,0.21,0.9,"N"
120999,22,"SupCom","N",0,0,36,3.3,0.28,0.91,"N"
121027,50,"Bas","N",20,11,67,18.4,7.24,5.09,"S"
121055,36,"Posg","N",7,12,67,8.2,3.1,2.4,"N"
121097,47,"SupInc","N",14,16,36,0.9,0.08,0.24,"N"
121113,19,"Med","N",0,0,50,1.8,0.49,0.41,"N"
121151,32,"SupInc","N",10,7,70,3.2,0.85,1.39,"S"
121201,20,"SupInc","N",0,0,32,8.5,1.11,1.61,"N"
121202,20,"Med","N",0,0,26,4,0.39,0.65,"S"
121206,22,"SupCom","N",0,2,31,7.6,0.2,2.16,"N"
121261,23,"SupCom","N",0,2,45,10.7,0.61,4.2,"S"
121266,62,"Med","N",4,5,38,11.3,0.94,3.35,"N"
121285,29,"Med","N",9,3,69,6.7,1.07,3.55,"N"
121287,34,"Bas","N",6,6,33,6.4,0.53,1.59,"N"
121349,18,"Med","N",0,0,25,6.2,0.62,0.93,"S"
121353,23,"SupInc","N",2,2,47,14.6,2.94,3.93,"S"
121366,35,"Bas","N",5,8,62,8.5,1.99,3.28,"S"
121378,30,"SupInc","N",5,3,27,6.2,0.86,0.81,"N"
121380,36,"SupInc","N",7,10,118,11.2,8.48,4.73,"S"
121382,18,"Med","N",0,0,28,2.4,0.22,0.45,"S"
121498,26,"Med","N",2,4,30,40.7,5.49,6.72,"S"
121541,18,"Med","N",0,0,33,8.2,0.84,1.87,"S"
121565,31,"Med","N",11,8,47,26.9,3.51,9.13,"N"
121595,33,"SupInc","N",3,2,46,3.8,0.41,1.34,"N"
121735,20,"Bas","N",2,0,20,18.8,1.19,2.57,"S"
121758,22,"SupCom","N",0,1,36,10.7,1.67,2.18,"S"
121775,22,"Med","N",3,1,45,11.1,1.85,3.15,"N"
121777,22,"Bas","N",4,1,24,4.4,0.53,0.52,"N"
121795,26,"SupCom","N",0,2,103,14.3,8.54,6.19,"S"
121826,34,"Bas","N",10,7,96,5.4,1.65,3.53,"N"
121865,30,"Bas","N",13,2,42,15.3,0.94,5.48,"N"
121921,40,"SupInc","N",15,5,53,23.5,1.91,10.55,"S"
121925,21,"Med","N",1,0,43,14.1,3.38,2.69,"S"
121968,20,"Med","N",0,0,28,18,3.07,1.97,"S"
121979,18,"Med","N",0,0,20,14.5,0.33,2.57,"N"
122000,53,"Med","N",24,8,129,2.7,1.01,2.48,"N"
122036,70,"Med","N",27,21,92,9.3,3.01,5.54,"N"
122060,26,"Posg","N",0,3,49,4.4,0.95,1.21,"N"
122066,43,"Med","N",16,7,119,18.1,8.16,13.38,"S"
122084,38,"SupInc","N",3,3,34,3.9,0.86,0.46,"N"
122157,31,"Med","N",3,6,45,0.7,0.13,0.19,"N"
122192,24,"SupCom","N",0,1,35,1.2,0.04,0.38,"S"
122205,44,"SupCom","N",21,14,314,4.7,3.5,11.26,"N"
122365,62,"Posg","N",31,14,699,5.9,6.6,34.64,"N"
122372,52,"SupInc","N",24,10,403,5.1,8.32,12.23,"N"
122460,33,"SupCom","N",3,2,40,1.2,0.26,0.22,"N"
122484,26,"SupCom","N",1,3,39,2,0.33,0.45,"N"
122575,34,"Med","N",4,8,46,5.5,0.7,1.83,"N"
122602,54,"SupCom","N",0,14,66,9.6,1.98,4.35,"N"
122609,61,"Bas","N",0,24,25,33,3.42,4.83,"S"
122620,44,"Posg","N",2,13,91,4.8,1.02,3.35,"S"
122653,22,"Med","N",0,2,16,9.8,0.31,1.26,"S"
122655,19,"Bas","N",3,0,21,7.1,0.48,1.01,"N"
122694,20,"Med","N",0,0,26,8.9,0.5,1.81,"N"
122889,35,"SupCom","N",10,7,44,0.5,0.11,0.11,"N"
122943,24,"SupCom","N",0,2,28,4,0.7,0.42,"N"
122999,30,"Posg","N",1,6,33,7.4,0.63,1.81,"N"
123027,21,"Bas","N",1,1,29,24,2.2,4.76,"N"
123040,45,"SupCom","N",0,14,81,4.1,1.51,1.81,"N"
123059,38,"Posg","N",9,11,66,1.2,0.59,0.2,"N"
123079,21,"Med","N",1,1,37,8.5,0.9,2.25,"N"
123081,45,"SupCom","N",7,13,42,36.8,10.19,5.27,"S"
123125,40,"Bas","N",22,8,141,11,5.06,10.45,"N"
123128,22,"SupCom","N",0,1,74,7.5,1.86,3.69,"S"
123148,56,"Med","N",34,21,475,2.3,3.88,7.05,"N"
123179,37,"Med","N",9,11,41,2.9,0.11,1.08,"N"
123217,29,"Med","N",3,2,42,9.3,1.77,2.14,"N"
123230,37,"SupCom","N",10,6,97,8.3,2.01,6.04,"N"
123242,20,"Bas","N",3,0,21,17.9,0.53,3.23,"S"
123373,30,"SupInc","N",6,4,20,9.7,0.51,1.43,"S"
123402,26,"SupCom","N",0,3,36,17.9,3.02,3.43,"S"
123404,18,"Med","N",0,0,47,3.6,1.21,0.48,"N"
123432,31,"Bas","N",5,7,27,4.2,0.56,0.57,"N"
123464,44,"SupInc","N",8,8,49,16.3,2.46,5.53,"S"
123468,19,"Med","N",0,0,24,12.5,0.94,2.06,"S"
240017,77,"Posg","N",2,24,28,10.6,1.37,1.6,"N"
240070,37,"SupCom","N",0,9,83,14.9,5.9,6.47,"S"
240093,35,"SupCom","N",9,6,123,6.1,1.7,5.8,"N"
240152,24,"SupCom","N",0,0,64,13,3.98,4.34,"S"
240198,31,"SupCom","N",1,4,43,7.9,2.49,0.9,"N"
240202,59,"SupCom","N",19,21,174,27.9,16.41,32.14,"S"
240252,18,"Med","N",0,0,27,4.1,0.17,0.94,"S"
240289,29,"Med","N",8,5,35,21.1,1.65,5.73,"S"
240302,38,"SupCom","N",6,7,25,31.3,2.21,5.61,"S"
240360,27,"SupInc","N",3,5,26,2,0.04,0.48,"S"
240403,49,"Med","N",15,11,35,3,0.74,0.32,"N"
240497,24,"SupInc","N",1,2,23,14.8,0.8,2.61,"S"
240505,27,"SupCom","N",3,5,36,16.2,1.39,4.44,"S"
240612,26,"Med","N",2,4,26,14.5,0.56,3.21,"N"
240623,32,"SupCom","N",0,6,37,3.1,0.59,0.55,"S"
240675,53,"Posg","N",16,13,51,4.1,0.95,1.14,"N"
240676,19,"Med","N",0,0,17,14.1,1.04,1.36,"S"
240680,18,"Med","N",0,0,19,6.4,0.4,0.82,"S"
240694,19,"Med","N",1,0,21,7.9,1.1,0.55,"S"
240697,51,"Med","N",25,16,96,21.5,7.31,13.33,"N"
240705,30,"Posg","N",3,2,40,16.9,2.22,4.54,"S"
240722,63,"Bas","N",22,21,61,13.5,1.83,6.41,"N"
240764,30,"SupCom","N",1,4,73,29.8,7.05,14.71,"S"
240789,27,"SupCom","N",3,3,43,4.5,0.58,1.36,"N"
240792,42,"Med","N",15,9,46,13.1,1.06,4.97,"N"
240895,24,"SupCom","N",0,3,44,13.5,2.38,3.56,"S"
241000,20,"Med","N",0,0,23,23.6,3.54,1.89,"S"
241089,28,"SupInc","N",4,5,20,6.2,0.57,0.67,"N"
241132,25,"Med","N",3,2,23,5,0.28,0.87,"N"
241163,24,"SupCom","N",0,3,49,5,0.87,1.58,"S"
241191,36,"SupInc","N",9,7,76,5.7,0.29,4.04,"N"
241279,44,"Med","N",11,12,50,22,2.11,8.89,"N"
241350,23,"SupInc","N",0,1,45,15.8,1.12,5.99,"N"
241424,32,"SupInc","N",1,4,26,3.3,0.24,0.62,"N"
241525,32,"Med","N",9,7,53,14.9,5.81,2.08,"S"
241564,35,"SupCom","N",7,6,76,7,0.56,4.76,"N"
241582,30,"SupInc","N",3,6,34,14.3,2.26,2.61,"S"
241594,30,"Bas","N",4,3,36,9.6,0.83,2.63,"S"
241652,31,"Med","N",6,5,26,6.5,0.33,1.36,"N"
241732,23,"Bas","N",0,2,16,17.2,0.91,1.84,"S"
241770,46,"Bas","N",11,8,61,10.4,3.44,2.9,"N"
241837,59,"Bas","N",33,17,308,6.7,7.39,13.25,"N"
241859,39,"Posg","N",1,10,185,7,10.45,2.5,"S"
241980,29,"Posg","N",3,3,55,27.1,8.35,6.56,"S"
242047,26,"SupCom","N",2,4,19,3.8,0.11,0.62,"N"
242106,34,"Med","N",6,7,27,6.4,0.27,1.46,"N"
242108,30,"Bas","N",12,5,35,5.7,1.34,0.66,"N"
242216,23,"SupCom","N",0,2,29,9.4,0.84,1.89,"S"
242303,22,"SupCom","N",0,1,76,7.7,3.62,2.24,"N"
242345,27,"SupCom","N",0,4,46,1.9,0.23,0.64,"S"
242430,30,"SupInc","N",0,5,70,6.9,0.37,4.46,"S"
242433,23,"Med","N",0,1,22,9,0.71,1.27,"N"
242464,42,"Posg","N",12,13,34,6.1,0.56,1.52,"N"
242467,29,"SupCom","N",2,3,55,15.6,1.48,7.1,"S"
242512,47,"Med","N",16,8,66,1.7,0.1,1.02,"N"
242560,34,"SupCom","N",8,7,30,5.7,1.08,0.63,"N"
242597,31,"Med","N",11,7,51,12.4,4.14,2.19,"S"
242601,35,"SupCom","N",10,4,53,19,3.64,6.43,"N"
242691,19,"Bas","N",2,0,21,12,0.15,2.37,"N"
242710,30,"Bas","N",7,7,40,11.4,1.78,2.78,"S"
242840,25,"SupCom","N",0,2,35,0.6,0.07,0.14,"N"
243028,38,"Posg","N",11,8,40,8.8,1.65,1.87,"N"
243048,18,"Med","N",0,0,34,2.8,0.29,0.66,"N"
243058,53,"Med","N",10,14,62,13.4,2.38,5.93,"S"
243076,31,"Bas","N",10,5,60,27.3,6.27,10.11,"S"
243083,38,"SupCom","N",7,7,274,2.3,4.32,1.99,"S"
243086,19,"Med","N",0,0,21,2.5,0.03,0.49,"N"
243118,20,"Bas","N",2,0,18,2.3,0.06,0.36,"N"
243175,21,"Med","N",2,1,22,9.2,1.05,0.98,"S"
243209,19,"Med","N",0,0,17,5.5,0.51,0.43,"N"
243340,23,"SupCom","N",0,1,42,12.2,2.24,2.88,"N"
243351,65,"Med","N",25,20,48,7.7,2.81,0.88,"N"
243457,45,"Posg","N",18,12,88,9.6,4.04,4.41,"N"
243535,21,"SupInc","N",0,1,22,1.5,0.1,0.23,"N"
243547,54,"SupInc","N",8,10,67,10.5,1.25,5.79,"N"
243554,22,"SupCom","N",0,2,24,8,0.64,1.28,"S"
243564,20,"SupInc","N",0,0,23,14.2,1.86,1.4,"S"
243569,41,"Med","N",12,9,58,13.1,3.78,3.81,"N"
243578,36,"Med","N",14,3,71,6.9,1.43,3.47,"N"
243624,33,"SupInc","N",11,8,79,10.8,3.08,5.45,"N"
243673,23,"Med","N",2,2,34,3.3,0.22,0.9,"N"
243859,46,"SupInc","N",8,6,119,5.6,1.11,5.55,"S"
243929,21,"SupInc","N",0,0,15,6.1,0.07,0.84,"S"
243957,28,"SupCom","N",2,4,62,34.8,3.86,17.71,"S"
243958,39,"SupInc","N",9,8,69,6,0.55,3.59,"N"
243998,54,"SupCom","N",4,9,69,12,1.18,7.1,"N"
244010,75,"Bas","N",22,23,56,7.8,1.79,2.58,"N"
244023,31,"SupCom","N",1,7,69,0.4,0.19,0.09,"N"
244034,55,"Med","N",32,8,229,4.9,3.03,8.19,"N"
244067,20,"SupInc","N",0,0,18,17.4,0.42,2.71,"N"
244106,39,"Posg","N",3,9,42,15.2,3.08,3.31,"N"
244123,37,"SupInc","N",2,8,55,8,1.64,2.76,"N"
244159,20,"SupInc","N",0,0,41,4.3,0.47,1.29,"N"
244190,57,"SupCom","N",10,10,149,10,3.64,11.26,"N"
244208,50,"Bas","N",20,15,117,7.6,3.15,5.74,"N"
244269,33,"Bas","N",2,7,28,1.6,0.14,0.31,"N"
244280,36,"Bas","N",16,10,44,7.4,1.96,1.3,"N"
244286,21,"Med","N",1,0,29,5.7,0.64,1.01,"N"
244337,37,"SupInc","N",12,11,121,13.6,4.69,11.77,"N"
244354,27,"Posg","N",0,4,24,6.1,0.17,1.3,"S"
295009,28,"SupCom","N",5,5,112,9.9,0.93,10.16,"N"
295028,27,"SupInc","N",4,5,40,13.2,3.73,1.55,"N"
295035,32,"SupInc","N",4,3,37,4.1,0.48,1.04,"S"
295057,28,"Med","N",6,5,33,20.5,1.1,5.67,"S"
295083,24,"SupCom","N",0,2,35,12.1,2.47,1.77,"S"
295134,20,"Med","N",0,0,44,3.9,1.07,0.65,"N"
295153,39,"SupCom","N",16,4,47,16.5,4.16,3.6,"N"
295187,38,"SupCom","N",11,8,145,18.5,1.45,25.38,"N"
295193,65,"Med","N",38,11,352,2.5,0.39,8.41,"N"
295270,56,"Med","N",34,19,215,13.9,14.37,15.51,"N"
295295,18,"Med","N",0,0,57,3.1,1.24,0.53,"S"
295339,20,"Bas","N",0,1,18,9.5,0.16,1.55,"N"
295367,62,"Bas","N",4,13,27,13.2,1.73,1.84,"N"
295386,39,"Med","N",13,8,112,21.2,4.63,19.11,"S"
295449,29,"SupCom","N",3,2,102,9.8,4.83,5.17,"S"
295465,30,"SupCom","N",4,6,46,3.9,1.26,0.54,"N"
295472,52,"SupInc","N",21,14,121,2.4,0.39,2.51,"N"
295518,48,"Posg","N",19,11,326,10.6,21.18,13.37,"S"
295658,20,"Bas","N",2,0,42,3.1,0.89,0.41,"S"
295683,34,"SupCom","N",7,3,33,7.5,1.88,0.6,"S"
295711,68,"Bas","N",51,26,274,7,8.59,10.59,"N"
295815,47,"Bas","N",16,15,51,14.2,3.4,3.85,"N"
295913,37,"Med","N",12,8,29,9.3,0.88,1.82,"N"
295930,36,"Med","N",9,10,35,0.8,0.09,0.19,"N"
295938,30,"SupCom","N",1,6,107,8.9,1.44,8.09,"S"
296037,24,"Med","N",0,2,21,13.7,1.38,1.5,"N"
296049,24,"SupCom","N",0,2,49,13.6,3.04,3.63,"S"
296068,31,"Med","N",0,6,34,4.2,0.71,0.71,"S"
296183,41,"SupCom","N",15,13,89,9.2,2.55,5.63,"N"
296309,19,"Med","N",0,0,25,24.7,1.23,4.95,"S"
296317,20,"SupInc","N",0,1,23,1,0.02,0.21,"N"
296325,30,"Med","N",8,5,65,9.2,2.45,3.53,"N"
296347,42,"Med","N",5,12,72,19.3,0.25,13.65,"N"
296403,27,"Bas","N",5,5,34,1,0.06,0.28,"N"
296493,24,"SupCom","N",0,2,38,1.6,0.03,0.57,"N"
296589,38,"Med","N",16,6,71,6.6,1.54,3.15,"N"
296591,24,"Bas","N",7,2,29,13.6,0.64,3.3,"N"
296685,48,"Med","N",7,11,80,3.7,0.79,2.17,"N"
296709,49,"SupCom","N",0,11,77,2,0.21,1.33,"N"
296763,18,"Med","N",0,0,29,25.9,2.39,5.12,"S"
296812,64,"Med","N",11,28,27,2.4,0.08,0.57,"N"
296939,19,"Bas","N",3,0,22,10.9,0.47,1.93,"N"
296988,49,"SupInc","N",2,17,36,23.6,2.66,5.84,"S"
297023,29,"SupCom","N",1,4,26,6.6,0.51,1.21,"S"
297063,28,"Med","N",3,5,64,9.4,1.03,4.98,"S"
297090,27,"Med","N",4,3,32,6.7,0.56,1.59,"S"
297143,24,"SupCom","N",0,2,40,8.6,1.2,2.24,"N"
297166,23,"Bas","N",2,2,38,12.2,2.23,2.41,"S"
297181,43,"Posg","N",3,8,30,3.1,0.34,0.59,"N"
297207,29,"Posg","N",1,5,51,12.5,2.43,3.95,"N"
297282,61,"SupInc","N",35,9,327,4.6,7.63,7.42,"N"
297308,22,"SupCom","N",0,1,20,6.5,0.6,0.7,"S"
297345,24,"Med","N",2,3,34,2.4,0.27,0.54,"N"
297357,30,"SupInc","N",8,3,65,8.8,1.92,3.8,"N"
297360,37,"SupInc","N",3,4,57,10.8,0.72,5.44,"S"
297382,27,"Med","N",4,1,36,14.7,1.46,3.83,"S"
297384,22,"SupCom","N",0,1,29,3.7,0.08,0.99,"N"
297466,28,"Posg","N",1,3,77,0.2,0.06,0.1,"N"
297470,31,"Med","N",11,4,41,2,0.34,0.48,"N"
297480,44,"Bas","N",14,12,68,14.9,1.78,8.35,"N"
297533,69,"Med","N",24,22,84,20.2,5.63,11.33,"N"
297538,26,"Med","N",5,2,42,10.6,2.13,2.32,"S"
297698,51,"SupInc","N",9,15,96,16.8,0.58,15.55,"S"
297702,20,"SupInc","N",0,0,77,9.6,3.85,3.54,"S"
297820,24,"SupInc","N",2,0,43,7.3,1.24,1.9,"N"
297849,53,"Bas","N",17,9,59,0.5,0.03,0.26,"N"
297867,29,"Med","N",0,4,28,4.7,0.14,1.18,"S"
297897,52,"SupInc","N",28,16,368,21.3,24.06,54.32,"S"
297922,28,"SupInc","N",4,4,20,21.1,0.57,3.65,"N"
297926,35,"Med","N",17,5,160,13.5,9.07,12.53,"S"
297953,20,"Med","N",0,0,27,10.3,0.39,2.39,"S"
297963,27,"Posg","N",0,3,36,4.1,0.73,0.75,"N"
298020,34,"SupCom","N",2,4,46,22.5,1.21,9.14,"N"
298062,46,"Posg","N",13,14,84,9.9,1.71,6.6,"N"
298134,36,"SupCom","N",4,8,101,6.7,2.09,4.68,"S"
298170,51,"SupCom","N",4,6,43,3.3,0.2,1.22,"N"
298250,39,"Bas","N",20,10,52,19.7,2.33,7.92,"N"
298314,33,"SupCom","N",4,6,24,27.7,3.2,3.44,"S"
298328,65,"Med","N",38,25,231,9.3,2.02,19.46,"N"
298383,35,"SupInc","N",10,8,263,4.9,9.27,3.62,"S"
298392,41,"Med","N",22,7,226,17.4,7.12,32.21,"S"
298415,23,"SupInc","N",0,1,33,1.7,0.24,0.32,"N"
298439,23,"Bas","N",5,1,23,24.3,3.5,2.08,"S"
298509,34,"Posg","N",0,5,120,6.4,5.55,2.13,"S"
298541,18,"Med","N",0,0,30,19.8,2.3,3.64,"S"
298547,29,"Posg","N",3,2,26,7.8,0.46,1.57,"N"
298591,38,"SupCom","N",13,12,204,19.5,15.43,24.35,"S"
298602,32,"SupCom","N",8,5,44,13.7,1.35,4.68,"N"
298624,34,"Med","N",12,7,58,19.9,2.49,9.05,"N"
298629,37,"Bas","N",14,4,67,13.4,2.12,6.86,"N"
298696,37,"SupInc","N",4,6,53,15.5,1.27,6.95,"N"
298736,37,"SupInc","N",4,6,30,4.6,0.71,0.67,"N"
298857,45,"SupCom","N",16,13,53,5.7,0.93,2.09,"N"
298915,48,"SupInc","N",4,12,57,12.1,2.46,4.43,"N"
298944,36,"Bas","N",12,5,55,5.8,1.2,1.99,"N"
298965,26,"Med","N",1,3,42,1.5,0.08,0.55,"S"
298970,60,"Bas","N",31,22,170,8,8.77,4.83,"N"
298976,37,"Med","N",2,9,31,9.6,1.54,1.44,"N"
298996,27,"SupCom","N",1,2,21,14.4,0.52,2.51,"N"
299036,26,"Bas","N",6,2,46,9.8,0.34,4.17,"N"
315016,32,"SupInc","N",7,5,34,10.7,0.52,3.12,"N"
315053,23,"SupInc","N",0,1,16,7.8,0.35,0.9,"N"
315060,58,"SupInc","N",18,13,54,4.2,0.82,1.45,"N"
315086,34,"Bas","N",0,7,26,1.9,0.18,0.32,"N"
315102,30,"Med","N",0,4,17,4.9,0.41,0.42,"S"
315108,25,"SupInc","N",2,3,52,7.7,1.07,2.93,"N"
315159,24,"Med","N",3,2,24,10.7,1.98,0.59,"N"
315169,34,"SupCom","N",1,7,40,17.6,1.68,5.36,"S"
315203,64,"Bas","N",7,26,24,6.5,0.29,1.27,"N"
315213,29,"SupCom","N",2,5,34,19,1.03,5.43,"S"
315234,21,"Med","N",1,1,29,0.9,0.02,0.24,"N"
315273,50,"SupCom","N",9,11,24,15.7,0.58,3.18,"N"
315276,25,"SupCom","N",0,2,29,15.7,1.83,2.73,"S"
315313,27,"Med","N",6,5,20,13.2,1.44,1.2,"N"
315326,25,"SupInc","N",4,3,41,18.4,2.01,5.54,"N"
315336,27,"SupCom","N",3,5,41,4.8,0.55,1.41,"S"
315373,26,"Med","N",4,4,31,5.5,0.25,1.45,"N"
315412,49,"Med","N",6,12,49,1.7,0.5,0.33,"N"
315414,41,"SupInc","N",0,8,39,29.1,2.16,9.19,"S"
315422,30,"Med","N",4,2,55,5.5,1.45,1.57,"N"
315442,37,"Bas","N",16,8,43,5.6,0.64,1.77,"N"
315481,34,"Med","N",9,3,62,8,0.4,4.56,"N"
315507,50,"SupCom","N",23,11,104,4.8,0.93,4.06,"N"
315508,28,"SupInc","N",4,2,58,12.6,2.48,4.83,"S"
315514,19,"Med","N",0,0,20,3.1,0.26,0.36,"S"
315526,25,"SupCom","N",0,1,31,3.9,0.37,0.84,"S"
315544,18,"Med","N",0,0,15,12.2,0.37,1.46,"N"
315548,24,"SupCom","N",0,2,32,5.6,0.25,1.54,"S"
315568,30,"Med","N",5,6,26,14.8,0.97,2.87,"S"
315609,36,"Med","N",1,4,55,19.6,6.36,4.42,"S"
315619,32,"SupCom","N",0,5,38,3.7,0.18,1.22,"S"
315633,41,"SupCom","N",2,7,94,7,1.16,5.42,"N"
315665,47,"Med","N",28,11,189,3.2,4.18,1.87,"N"
315677,57,"Bas","N",26,22,78,5.8,1.24,3.28,"N"
315731,26,"Bas","N",4,3,34,19,0.67,5.79,"S"
315743,34,"SupCom","N",6,5,65,14.4,4.98,4.38,"S"
315748,33,"Med","N",0,7,64,10.6,2.69,4.1,"N"
315754,53,"Posg","N",9,11,97,22.3,9.21,12.42,"S"
315771,61,"Med","N",20,17,91,4.3,1.26,2.65,"N"
315800,18,"Med","N",0,0,14,4.3,0.15,0.45,"N"
315812,21,"SupInc","N",0,1,18,12.1,0.59,1.59,"N"
315821,28,"Bas","N",7,2,52,22.1,6.78,4.71,"S"
315831,34,"Med","N",4,8,49,3.1,0.04,1.48,"N"
315838,20,"Bas","N",2,0,16,4.7,0.25,0.5,"N"
315857,34,"Bas","N",11,6,54,10.6,3.12,2.6,"N"
315892,22,"SupInc","N",0,1,14,2.5,0.26,0.09,"N"
315898,34,"Med","N",8,7,30,24.3,0.21,7.08,"N"
315931,18,"Med","N",0,0,18,13.1,0.92,1.44,"S"
315948,41,"Med","N",21,9,64,0.3,0.12,0.07,"N"
315970,46,"Bas","N",4,7,67,3.4,0.76,1.52,"N"
316013,21,"Med","N",0,1,20,2.2,0.1,0.34,"N"
316027,51,"Med","N",19,16,47,22.7,3.28,7.39,"N"
316033,27,"Posg","N",0,3,25,22.9,1.09,4.64,"S"
316060,35,"Med","N",15,3,30,21.3,1.28,5.11,"N"
316077,22,"SupCom","N",0,2,26,6,0.02,1.54,"N"
316104,65,"Bas","N",38,13,143,11.1,1.17,14.7,"N"
316135,43,"SupInc","N",5,11,27,21.2,2.83,2.9,"S"
316149,23,"SupCom","N",0,2,23,18,0.51,3.63,"S"
316159,66,"Med","N",43,22,152,9,5.06,8.62,"N"
316172,25,"Med","N",3,2,48,8.2,2.87,1.07,"S"
316193,35,"SupCom","N",0,11,84,3.4,1.18,1.67,"N"
316201,19,"Med","N",0,0,20,12.8,1.14,1.42,"N"
316230,25,"SupCom","N",1,1,20,6.9,0.43,0.95,"S"
316244,23,"SupCom","N",0,1,62,3,0.56,1.3,"S"
316258,23,"SupInc","N",2,1,40,21.2,2.65,5.83,"S"
316268,49,"SupInc","N",12,11,85,4.5,2.29,1.53,"N"
316281,45,"SupCom","N",6,10,59,10.6,3.8,2.45,"N"
316289,45,"Med","N",10,13,45,2.9,0.19,1.12,"N"
316302,32,"SupCom","N",6,7,31,5.2,0.38,1.23,"N"
316305,28,"SupCom","N",0,4,60,0.5,0.08,0.22,"N"
316309,44,"SupInc","N",22,9,131,7,0.83,8.34,"N"
316311,49,"SupInc","N",20,9,140,9.9,4.42,9.44,"N"
316315,19,"Med","N",0,0,19,4.4,0.06,0.77,"N"
316359,34,"SupInc","N",0,6,24,9.4,0.08,2.18,"S"
316361,51,"SupInc","N",2,15,34,7.2,1.77,0.68,"N"
316431,28,"Med","N",4,4,25,34.8,1.04,7.66,"S"
316502,51,"SupCom","N",20,18,512,6.5,6.82,26.46,"N"
316510,24,"SupCom","N",0,1,63,26.9,7.19,9.76,"S"
316518,41,"Posg","N",9,14,87,4.4,0.78,3.05,"N"
316521,23,"SupCom","N",0,1,35,15,0.4,4.85,"S"
316547,33,"SupCom","N",3,7,19,17.2,0.37,2.9,"S"
316569,42,"Med","N",18,5,176,5.6,3.91,5.94,"N"
316577,20,"SupInc","N",0,0,16,3.5,0.23,0.33,"S"
316583,27,"Med","N",3,4,26,2.6,0.09,0.58,"N"
316622,34,"Med","N",9,3,29,11.6,1.06,2.3,"S"
316635,20,"Med","N",0,0,34,12.9,0.9,3.49,"S"
316655,66,"Med","N",9,23,54,15.8,1.34,7.19,"N"
316681,19,"Med","N",0,0,20,12.7,1.22,1.32,"N"
316735,33,"Posg","N",2,7,79,23.7,10.47,8.26,"S"
316737,22,"SupInc","N",1,1,17,25.4,2.38,1.94,"S"
316777,40,"Med","N",5,7,43,23.9,3.69,6.59,"S"
316798,55,"Posg","N",25,12,73,19.1,5.8,8.14,"N"
316809,25,"SupCom","N",1,1,15,8.9,0.56,0.78,"S"
316824,23,"SupInc","N",0,1,30,6.9,0.55,1.52,"N"
316838,37,"SupCom","N",13,5,225,1.1,1.42,1.06,"N"
316862,18,"Med","N",0,0,21,6.6,0.08,1.31,"S"
316881,23,"Med","N",4,1,22,3.8,0.08,0.76,"N"
316883,27,"Med","N",2,2,55,11.7,0.54,5.89,"S"
316907,42,"Posg","N",6,8,20,15.3,1.43,1.63,"S"
316909,31,"SupInc","N",9,6,23,7.8,0.45,1.35,"N"
335024,33,"Med","N",9,5,34,12.7,3.16,1.16,"S"
335038,58,"SupCom","N",26,21,132,2.4,0.98,2.19,"N"
335114,58,"SupInc","N",24,24,138,3.9,2.86,2.52,"N"
335125,48,"Med","N",12,12,51,4.3,0.22,1.97,"N"
335142,26,"Med","N",2,4,55,11,4.69,1.36,"S"
335161,28,"Posg","N",2,5,18,11.9,0.32,1.82,"S"
335203,22,"Bas","N",4,1,21,9,0.87,1.02,"N"
335236,18,"Med","N",0,0,18,8,0.4,1.04,"N"
335322,57,"Med","N",4,12,61,2.3,0.11,1.29,"N"
335417,19,"Med","N",1,0,24,12.3,1.11,1.84,"S"
335431,31,"SupCom","N",4,5,36,22.4,0.15,7.91,"N"
335434,18,"Bas","N",1,0,18,8,0.74,0.7,"S"
335530,23,"SupInc","N",0,1,18,4,0.05,0.67,"N"
335566,19,"Med","N",0,0,14,8.2,0.38,0.77,"S"
335573,29,"SupInc","N",0,4,70,16.5,8.21,3.34,"S"
335610,29,"SupInc","N",8,5,39,11.6,3.26,1.27,"S"
335615,25,"Med","N",2,3,24,3,0.15,0.57,"N"
335635,18,"Med","N",0,0,24,0.9,0.13,0.09,"S"
335667,40,"SupInc","N",4,6,87,1.2,0.86,0.18,"N"
335669,31,"Med","N",11,8,36,4.7,0.13,1.57,"N"
335672,52,"SupCom","N",2,12,84,3.1,0.2,2.4,"N"
335680,37,"Med","N",18,3,39,26.9,5.46,5.04,"S"
335690,40,"SupInc","N",18,13,84,6.2,0.94,4.27,"N"
335722,18,"Med","N",0,0,17,11.9,0.17,1.86,"S"
335743,45,"Bas","N",24,14,69,3.2,1.33,0.87,"N"
335816,34,"SupInc","N",11,6,52,12.9,4.17,2.54,"N"
335819,19,"Med","N",0,0,21,12.6,1.23,1.42,"S"
335844,25,"SupInc","N",3,1,27,16.9,1.09,3.48,"N"
335958,53,"Med","N",30,12,220,12.9,2.81,25.57,"N"
336005,30,"SupInc","N",4,4,39,11.6,1.39,3.13,"N"
336019,49,"Posg","N",23,11,178,19.4,5.59,28.94,"N"
336093,21,"Med","N",2,1,23,3.5,0.25,0.55,"N"
336204,40,"Med","N",0,12,21,36.6,4.35,3.34,"S"
336244,18,"Med","N",0,0,23,11.5,0.66,1.98,"S"
336247,18,"Med","N",0,0,15,8,0.22,0.98,"N"
336295,34,"Bas","N",10,6,50,5.3,0.58,2.07,"N"
336308,33,"SupCom","N",5,8,27,20.6,1.09,4.47,"N"
336316,45,"SupInc","N",23,10,55,13.3,1.46,5.86,"N"
336326,40,"SupCom","N",15,13,111,9.6,1.88,8.78,"N"
336330,49,"Bas","N",4,11,36,9.9,1.36,2.21,"N"
336350,27,"SupInc","N",0,4,31,3.7,0.28,0.86,"N"
336401,52,"Bas","N",26,12,77,28.6,5.26,16.76,"N"
336436,23,"Med","N",1,2,30,18.2,1.37,4.09,"S"
336457,39,"SupInc","N",16,10,46,11.3,1.45,3.75,"N"
336479,20,"Med","N",0,1,28,9.8,0.66,2.09,"N"
336499,26,"SupInc","N",0,3,23,10.9,1.71,0.8,"S"
336510,62,"SupCom","N",23,22,124,23,19.05,9.47,"S"
336576,39,"Med","N",1,9,27,1.4,0.1,0.28,"N"
336580,26,"Bas","N",5,2,47,21.7,6.14,4.06,"S"
336624,35,"Med","N",15,8,66,3.3,1.05,1.12,"N"
336636,46,"Posg","N",11,9,136,4.9,3.27,3.39,"S"
336640,47,"SupCom","N",17,17,61,7.5,3.12,1.45,"N"
336658,56,"Bas","N",3,16,38,18.7,3.72,3.39,"S"
336706,21,"SupInc","N",0,1,33,9.1,1.05,1.95,"S"
336731,29,"Med","N",0,5,33,5.8,0.58,1.34,"N"
336792,28,"Med","N",3,5,53,5.7,1.57,1.45,"S"
336815,28,"SupInc","N",3,3,61,16.1,3.16,6.66,"S"
336852,30,"Bas","N",4,6,30,10.8,1.03,2.21,"N"
336899,20,"Bas","N",1,0,22,10.1,0.14,2.08,"S"
336953,24,"SupCom","N",0,2,29,9.6,1.04,1.75,"S"
336969,29,"SupCom","N",5,4,73,25.1,2.18,16.14,"S"
337073,19,"Med","N",0,0,15,9.5,0.4,1.03,"S"
337079,63,"Med","N",29,19,208,16.6,21.89,12.64,"S"
337113,39,"Med","N",17,9,90,6.8,3.45,2.67,"N"
337128,22,"SupCom","N",0,1,30,3.4,0.15,0.87,"N"
337143,30,"Med","N",2,4,34,11.6,1.39,2.55,"N"
337173,24,"Bas","N",4,2,24,18,1.64,2.68,"S"
337261,25,"SupCom","N",1,2,66,4.2,0.55,2.22,"S"
337272,22,"Med","N",2,1,39,4.7,0.5,1.33,"N"
337301,35,"Posg","N",0,9,36,13.3,0.99,3.8,"N"
337304,51,"SupInc","N",14,16,161,1.4,0.57,1.69,"N"
337309,65,"Med","N",0,25,57,6.2,1.68,1.86,"N"
337365,38,"SupCom","N",14,7,192,28.9,5.27,50.22,"S"
337367,28,"Med","N",8,4,24,24.6,4.07,1.83,"S"
337411,30,"SupCom","N",2,5,27,10.6,0.74,2.13,"N"
337462,22,"SupCom","N",0,2,46,8.6,1.76,2.19,"S"
337514,19,"Med","N",0,0,28,7.5,1.51,0.59,"S"
337528,48,"SupCom","N",24,18,66,4.4,0.32,2.58,"N"
337553,18,"Med","N",0,0,16,8.3,0.17,1.15,"S"
337620,29,"Med","N",1,5,39,10.3,2.98,1.03,"S"
337625,37,"Med","N",0,9,37,16.2,0.93,5.06,"N"
337641,23,"SupCom","N",0,1,73,0.7,0.25,0.26,"N"
337769,27,"SupInc","N",4,5,41,6.1,1.65,0.85,"S"
337840,38,"SupCom","N",10,11,63,12.2,2.76,4.93,"N"
337873,39,"SupInc","N",10,7,45,25,1.77,9.48,"N"
337887,28,"SupCom","N",4,3,48,24.3,3.34,8.33,"S"
337922,54,"SupInc","N",2,19,35,6.4,0.93,1.31,"N"
337945,39,"SupCom","N",12,10,98,1.6,0.16,1.41,"N"
337963,19,"Med","N",0,0,26,17.2,2.65,1.82,"S"
337991,71,"Bas","N",2,13,23,10.1,1.44,0.89,"N"
338047,24,"Med","N",4,2,21,3.8,0.36,0.44,"N"
338062,28,"Med","N",3,4,20,9,0.37,1.43,"N"
338069,21,"Bas","N",4,1,15,7.3,0.05,1.04,"N"
338112,36,"Med","N",8,2,42,3.1,0.75,0.55,"N"
338207,36,"Med","N",1,8,31,21,0.33,6.18,"N"
338240,23,"Bas","N",0,2,20,8.4,0.24,1.44,"S"
338253,28,"SupInc","N",3,3,25,18.8,1.16,3.54,"S"
338294,26,"SupInc","N",0,3,31,3.1,0.1,0.86,"S"
338307,36,"Posg","N",3,7,45,3.3,0.47,1.02,"N"
338320,32,"SupCom","N",2,2,55,10.6,1.43,4.4,"S"
360036,24,"SupCom","N",0,1,56,9.3,1.55,3.66,"S"
360188,19,"Med","N",0,0,55,7.9,0.61,3.73,"N"
360230,28,"SupCom","N",2,3,22,6.2,0.76,0.61,"S"
360245,40,"Posg","N",1,11,32,18.6,3.4,2.55,"S"
360349,33,"Posg","N",6,4,121,15.1,3.31,14.96,"S"
360448,34,"SupInc","N",0,4,23,6.8,0.69,0.88,"S"
360449,19,"Med","N",0,0,30,4,0.52,0.68,"N"
360504,44,"Bas","N",17,14,107,13,3.83,10.08,"N"
360509,29,"Med","N",1,6,36,9.3,1.42,1.93,"S"
360518,65,"Bas","N",10,18,32,9.9,1.37,1.8,"N"
360585,45,"Med","N",18,11,59,8.9,2.74,2.51,"N"
360684,33,"Med","N",4,8,79,12.6,8.55,1.4,"S"
360740,32,"SupInc","N",3,5,34,12.4,2.18,2.03,"N"
360763,32,"SupCom","N",5,6,67,8.4,3.38,2.25,"N"
360917,23,"SupInc","N",0,1,34,9.2,1.25,1.87,"S"
360925,25,"Posg","N",0,2,60,8.4,1.25,3.79,"N"
360927,22,"SupCom","N",0,1,23,6.2,0.35,1.08,"S"
360963,27,"Bas","N",6,2,20,14.3,0.38,2.48,"N"
360968,43,"SupCom","N",0,10,94,19.9,6.32,12.38,"S"
360970,53,"SupCom","N",26,20,249,5.8,7.58,6.86,"N"
361058,24,"SupInc","N",2,3,22,5.6,0.08,1.15,"N"
361072,43,"Med","N",13,13,62,24.2,8.07,6.93,"S"
361083,25,"Bas","N",4,1,33,13.2,1.63,2.73,"S"
361101,26,"SupInc","N",0,3,24,32,4.42,3.26,"S"
361105,18,"Med","N",0,0,34,16.3,1.87,3.67,"S"
361146,46,"SupCom","N",14,10,57,4.7,0.25,2.43,"N"
361166,46,"SupCom","N",22,10,160,15.5,9.92,14.88,"S"
361198,52,"Med","N",22,17,87,11.3,0.71,9.12,"N"
361201,35,"SupInc","N",3,7,54,11,1.16,4.78,"N"
361255,23,"SupInc","N",1,2,63,16.8,3.14,7.44,"S"
361267,33,"Bas","N",7,5,33,6.9,0.68,1.6,"S"
361299,18,"Med","N",0,0,28,8.1,0.84,1.42,"S"
361305,31,"Med","N",11,8,37,5.7,0.82,1.28,"N"
361346,30,"SupInc","N",4,3,62,14.8,1.53,7.64,"S"
361396,23,"SupInc","N",2,2,32,3,0.28,0.68,"N"
361437,42,"Med","N",1,5,50,9.6,2.6,2.2,"N"
361440,21,"Med","N",0,1,21,6.3,0.83,0.49,"S"
361454,35,"Med","N",15,8,55,10.2,3.37,2.24,"N"
361487,26,"Med","N",5,1,47,6.2,1.83,1.09,"N"
361612,75,"SupCom","N",50,18,460,19.6,26.69,63.47,"S"
361630,22,"SupInc","N",0,2,32,3.7,0.31,0.87,"S"
361699,19,"Med","N",0,0,21,5.6,0.14,1.04,"N"
361704,28,"Med","N",3,2,22,11.5,0.87,1.66,"N"
361727,22,"SupInc","N",0,1,45,13.6,1.87,4.25,"N"
361728,30,"Med","N",4,4,45,10,2.13,2.37,"N"
361759,24,"SupCom","N",0,1,53,16.1,5.09,3.44,"S"
361823,20,"SupInc","N",0,0,33,9.4,0.55,2.55,"S"
361845,38,"Med","N",18,7,53,5.2,1.2,1.55,"N"
361850,20,"SupInc","N",0,0,22,5.1,0.36,0.76,"S"
361875,28,"Posg","N",0,4,57,12.4,4.52,2.54,"S"
361900,23,"SupInc","N",0,2,25,4.2,0.16,0.89,"N"
361907,21,"SupInc","N",0,1,22,8.5,0.08,1.79,"N"
362006,23,"SupCom","N",0,1,28,3.1,0.34,0.53,"N"
362180,19,"Med","N",0,0,22,8.2,0.5,1.3,"N"
362320,26,"Med","N",3,4,33,2.7,0.53,0.36,"N"
362379,19,"Med","N",0,0,23,18.4,0.98,3.25,"S"
362479,24,"Med","N",5,2,37,5.7,0.48,1.63,"N"
362480,19,"Med","N",0,0,33,7.5,0.36,2.11,"N"
362493,34,"SupCom","N",9,9,34,32.1,2.39,8.52,"S"
362513,26,"SupCom","N",1,1,31,12.3,1.15,2.67,"S"
362711,63,"Bas","N",17,26,103,12.3,3.47,9.2,"N"
362745,31,"SupInc","N",7,4,30,1.9,0.17,0.4,"N"
362747,22,"SupCom","N",0,1,28,8.1,0.61,1.66,"S"
362797,34,"Med","N",6,4,41,7.5,1.09,1.98,"S"
362909,45,"Med","N",24,10,86,9.7,1.74,6.6,"N"
362911,22,"SupInc","N",0,1,31,10.1,0.7,2.44,"S"
363011,21,"SupInc","N",0,1,44,6.3,1.29,1.48,"N"
363019,65,"Bas","N",21,23,42,1.6,0.29,0.38,"N"
363142,24,"SupInc","N",0,2,17,9.2,0.31,1.25,"N"
363175,25,"SupCom","N",1,2,35,1.4,0.06,0.43,"S"
363198,32,"SupCom","N",3,6,56,13.2,1.53,5.86,"S"
363246,21,"SupInc","N",0,0,36,14.1,1.6,3.48,"S"
363280,23,"SupCom","N",0,2,34,17,2.16,3.62,"S"
363302,40,"SupInc","N",17,6,120,10.2,4.32,7.92,"N"
363329,44,"Med","N",2,17,50,2.8,0.52,0.88,"N"
363388,39,"SupCom","N",4,6,75,5.6,2.62,1.58,"N"
363447,26,"SupInc","N",3,4,18,12.9,0.4,1.92,"S"
363476,25,"Med","N",1,3,20,2.5,0.17,0.33,"N"
363504,28,"Med","N",8,4,40,9.8,1.36,2.56,"S"
363544,43,"SupCom","N",13,12,127,3,0.42,3.39,"N"
363681,28,"Med","N",6,2,112,3.4,0.38,3.43,"N"
363785,40,"Bas","N",16,7,33,23.3,2.02,5.67,"S"
363807,31,"Bas","N",0,6,26,3.2,0.34,0.49,"N"
363822,29,"SupInc","N",0,5,37,6.7,0.7,1.77,"N"
363832,54,"Bas","N",13,18,105,13.6,1.63,12.65,"N"
363882,42,"SupCom","N",9,9,49,7.3,1.15,2.43,"S"
363946,39,"Med","N",14,7,94,30.2,10.5,17.88,"S"
363975,36,"SupInc","N",10,7,101,13.1,7.24,5.99,"S"
364013,55,"Posg","N",21,14,91,6.6,2.01,3.99,"N"
364037,21,"Med","N",0,1,15,4.1,0.25,0.37,"N"
364057,49,"SupInc","N",3,7,28,6.9,0.85,1.09,"N"
364071,50,"SupCom","N",27,12,181,2.3,1.79,2.37,"N"
364125,22,"SupCom","N",0,1,55,27.4,6.22,8.85,"S"
364211,33,"Med","N",3,6,33,5.1,0.9,0.79,"N"
364304,39,"SupCom","N",9,12,78,4.1,0.35,2.85,"N"
364366,26,"SupInc","N",3,3,66,4,0.19,2.45,"N"
364418,23,"Bas","N",5,1,48,18,1.05,7.59,"S"
364428,19,"Med","N",0,0,31,10.6,0.99,2.29,"S"
364476,32,"Med","N",7,3,33,24.6,4.14,3.98,"S"
364499,19,"Med","N",0,0,19,5.4,0.37,0.65,"S"
365041,33,"Bas","N",9,4,22,14.6,0.73,2.48,"N"
365043,55,"Posg","N",11,16,88,12.9,5.11,6.24,"N"
365079,21,"Med","N",1,1,30,3.1,0.31,0.62,"N"
365110,47,"Med","N",10,10,39,6.7,0.22,2.39,"N"
365120,24,"Med","N",2,0,32,11,0.83,2.69,"N"
365178,25,"Med","N",5,2,36,2.7,0.53,0.44,"N"
365216,34,"SupCom","N",9,7,58,28.4,4.97,11.5,"S"
365236,67,"Med","N",7,25,58,11.4,1.59,5.03,"N"
365265,51,"Med","N",22,11,65,18.1,4.91,6.86,"N"
365285,45,"Med","N",26,12,100,7.5,1.7,5.81,"N"
365288,24,"SupInc","N",0,2,67,8.9,2.38,3.58,"S"
365291,46,"Med","N",23,14,99,3.2,1.81,1.36,"N"
365383,53,"SupCom","N",3,15,50,15.7,4.25,3.6,"N"
365437,28,"SupCom","N",1,4,175,19.4,7.03,26.92,"S"
365442,21,"SupInc","N",0,0,20,4,0.48,0.32,"N"
365473,28,"SupCom","N",2,3,47,12.1,0.43,5.25,"S"
365477,51,"SupInc","N",10,17,144,4.9,0.92,6.14,"N"
365484,27,"SupCom","N",1,4,38,8.2,0.62,2.5,"N"
365507,18,"Bas","N",1,0,15,8.4,0.74,0.52,"S"
365536,62,"Bas","N",32,19,86,6.3,3.97,1.45,"N"
365579,30,"Med","N",3,1,35,16.1,0.81,4.82,"S"
365587,19,"Med","N",0,0,21,8.1,0.69,1.01,"N"
365613,76,"SupInc","N",12,27,53,6.2,1.28,2.01,"N"
365668,22,"SupCom","N",0,1,19,7.4,0.78,0.63,"S"
365683,26,"Bas","N",10,4,43,5.2,0.89,1.35,"N"
365719,18,"Med","N",0,0,30,8.9,0.23,2.44,"S"
365731,30,"SupInc","N",3,2,23,6.5,0.28,1.22,"S"
365743,36,"Med","N",5,9,50,0.8,0.12,0.28,"N"
365773,30,"Med","N",5,6,36,4.7,0.77,0.92,"N"
365817,42,"Med","N",17,7,66,8.7,1.73,4.01,"N"
365823,18,"Med","N",0,0,30,3.8,0.57,0.57,"N"
365839,28,"SupCom","N",3,3,47,17.7,2.79,5.53,"S"
365866,48,"Med","N",22,16,196,10.5,7.41,13.17,"S"
365869,42,"Bas","N",1,10,32,7.2,0.69,1.62,"S"
365873,33,"SupCom","N",7,6,63,16.7,2.81,7.71,"N"
365895,26,"SupCom","N",1,3,35,7,1.21,1.24,"N"
365943,24,"SupCom","N",0,2,25,5.7,0.64,0.79,"S"
365968,39,"SupCom","N",4,6,84,3.4,0.41,2.45,"N"
365987,19,"Med","N",1,0,20,25.9,1.94,3.24,"S"
366021,18,"Med","N",0,0,27,6.1,0.92,0.73,"N"
366054,23,"SupCom","N",0,1,47,12.3,2.1,3.68,"S"
366058,23,"Bas","N",5,1,26,5.3,0.14,1.24,"S"
366075,30,"SupInc","N",1,4,26,8,1.18,0.9,"N"
366079,59,"Bas","N",3,14,44,16.6,5.47,1.83,"S"
366080,37,"Bas","N",0,8,36,16.1,1.99,3.81,"S"
366109,35,"Bas","N",16,6,93,4.7,2.86,1.51,"N"
366221,23,"Med","N",2,0,17,21.3,0.3,3.32,"S"
366287,52,"SupCom","N",2,18,48,5.4,1.4,1.19,"N"
366299,19,"Med","N",0,0,26,14.3,0.52,3.2,"S"
366365,70,"Med","N",33,17,150,13.3,5.17,14.78,"N"
366382,30,"SupCom","N",5,6,109,7.8,1.39,7.11,"N"
366410,40,"Bas","N",17,5,72,7.3,0.95,4.31,"N"
366458,23,"SupInc","N",2,2,39,16.6,1.64,4.83,"N"
366486,26,"Bas","N",5,3,24,7.9,0.33,1.56,"N"
366563,33,"SupInc","N",12,9,48,3.7,0.93,0.84,"N"
366568,55,"Med","N",4,19,59,22,6.83,6.15,"S"
366585,46,"Bas","N",5,9,40,4.5,0.98,0.82,"N"
366610,32,"Med","N",12,9,27,1.8,0.16,0.32,"N"
366622,18,"Med","N",0,0,35,12.3,0.87,3.44,"N"
366635,18,"Med","N",0,0,27,9.4,0.43,2.1,"S"
366655,23,"SupCom","N",0,2,33,2.9,0.23,0.72,"N"
366658,41,"Med","N",21,9,56,4.8,1.15,1.54,"N"
366663,22,"SupCom","N",0,1,21,11.8,0.67,1.81,"N"
366664,33,"Med","N",15,6,71,14.6,2.79,7.58,"N"
366673,24,"SupCom","N",0,1,128,8.9,3.55,7.84,"S"
366716,23,"SupInc","N",1,2,28,0.6,0.06,0.11,"N"
366741,37,"SupCom","N",3,8,41,14.4,2.03,3.87,"N"
366753,43,"Bas","N",4,9,26,12.9,1.53,1.82,"N"
366756,31,"SupInc","N",2,5,45,13.1,1.64,4.25,"S"
366761,20,"SupInc","N",0,1,28,8.6,0.2,2.21,"N"
366765,24,"Med","N",5,1,26,13.1,1.09,2.32,"N"
366778,28,"SupInc","N",4,3,23,4.9,0.55,0.58,"S"
366795,53,"SupCom","N",1,16,46,11.3,2.66,2.54,"S"
366813,26,"SupCom","N",1,2,63,11.9,0.94,6.55,"S"
366819,21,"Med","N",1,1,24,4.2,0.06,0.95,"N"
366841,22,"SupInc","N",1,1,29,15.8,2.94,1.64,"S"
366853,44,"SupCom","N",4,14,65,5.8,1.53,2.24,"N"
366897,29,"Med","N",6,5,27,6.3,0.13,1.57,"N"
366953,28,"SupInc","N",3,3,31,12.9,2.36,1.64,"S"
366960,41,"Med","N",4,11,56,7.3,2.56,1.53,"N"
367033,64,"Bas","N",36,15,145,6.6,3.27,6.3,"N"
367052,44,"SupCom","N",4,5,15,16.6,0.08,2.41,"N"
367081,21,"Med","N",1,1,23,9.5,0.14,2.05,"N"
367082,50,"Med","N",21,10,88,1.4,0.21,1.02,"N"
367207,18,"Med","N",0,0,20,19,1.33,2.47,"S"
367213,29,"Posg","N",0,4,40,12.5,2.03,2.98,"S"
367238,38,"Med","N",1,9,28,0.8,0.13,0.1,"S"
367250,30,"SupCom","N",1,5,65,13.4,4.55,4.16,"S"
367263,27,"Med","N",8,4,29,6.5,0.85,1.04,"N"
367322,28,"Bas","N",8,4,45,6,0.72,1.98,"N"
367368,27,"Med","N",9,3,31,6.3,0.27,1.69,"N"
367383,67,"Bas","N",40,24,88,6.3,1.42,4.12,"N"
367435,36,"SupCom","N",12,9,35,8.1,1.05,1.78,"N"
367468,30,"SupCom","N",3,4,38,11.9,0.8,3.73,"N"
367471,29,"SupInc","N",7,6,57,4.3,1.04,1.41,"N"
367492,18,"Med","N",0,0,20,16.7,0.46,2.88,"S"
367497,46,"Bas","N",20,14,48,2.7,0.94,0.36,"N"
367502,38,"Bas","N",6,10,24,16.8,0.56,3.48,"S"
367569,23,"SupInc","N",0,2,32,7.9,1.22,1.3,"N"
367610,41,"Posg","N",6,5,190,1.9,0.86,2.75,"N"
370015,59,"SupInc","N",7,20,92,7.5,3.06,3.84,"N"
370057,64,"Med","N",42,22,267,13.2,16.95,18.29,"N"
370068,32,"SupCom","N",7,6,71,19.5,4.13,9.72,"S"
370095,32,"SupInc","N",4,4,37,3.1,0.32,0.83,"N"
370103,22,"SupCom","N",0,1,28,19.8,0.44,5.1,"S"
370112,21,"Med","N",3,1,15,11.8,0.42,1.35,"S"
370157,66,"Med","N",18,24,70,2.8,1,0.96,"N"
370165,18,"Med","N",0,0,22,4.4,0.15,0.82,"S"
370182,40,"Med","N",16,11,53,1.2,0.42,0.21,"N"
370209,21,"SupInc","N",0,0,27,2.3,0.22,0.4,"N"
370216,35,"SupInc","N",2,7,27,0.8,0.1,0.11,"N"
370237,18,"Med","N",0,0,19,14.9,0.14,2.7,"S"
370290,27,"SupInc","N",3,2,38,9.7,0.44,3.24,"S"
370297,54,"SupInc","N",15,11,93,13.7,7.99,4.75,"S"
370384,58,"Med","N",2,20,31,3.3,0.5,0.52,"N"
370404,43,"SupInc","N",3,12,38,6,0.62,1.66,"N"
370440,42,"SupCom","N",6,14,49,14.7,2.85,4.36,"N"
370446,26,"SupCom","N",0,3,26,3.3,0.41,0.45,"N"
370500,31,"SupCom","N",8,6,47,24.6,5.98,5.58,"S"
370619,18,"Med","N",0,0,22,10.2,0.52,1.72,"S"
370648,33,"SupCom","N",4,4,136,10.1,5.56,8.17,"S"
370650,46,"SupInc","N",0,7,34,3.9,0.08,1.24,"N"
370667,35,"SupCom","N",6,9,81,6.8,2.84,2.67,"N"
370672,68,"SupInc","N",38,25,154,6.2,3.02,6.53,"N"
370695,24,"SupCom","N",0,2,45,6.7,0.82,2.19,"N"
370721,46,"SupCom","N",1,10,58,7.6,0.33,4.08,"N"
370722,38,"SupInc","N",12,9,86,2.4,0.87,1.19,"N"
370730,43,"Med","N",13,10,62,21.9,7.9,5.68,"S"
370733,20,"SupInc","N",0,0,27,1,0.11,0.16,"S"
370775,23,"SupCom","N",0,1,24,26.9,0.4,6.06,"S"
370788,45,"Bas","N",8,12,41,14.8,0.26,5.81,"N"
370813,37,"Bas","N",7,2,29,4.3,0.17,1.08,"N"
370841,51,"SupInc","N",29,14,285,16.6,14.81,32.5,"N"
370856,18,"Med","N",0,0,31,9.1,0.49,2.33,"S"
370878,33,"SupCom","N",2,6,66,3.1,0.83,1.21,"N"
370896,37,"SupCom","N",8,7,62,23.9,5.81,9.01,"S"
370900,59,"SupInc","N",22,22,84,16,1.85,11.59,"N"
370913,57,"Med","N",36,18,172,9.2,3.45,12.37,"N"
370923,19,"Med","N",0,0,39,4.4,0.73,0.99,"N"
370970,44,"Med","N",15,17,59,18.3,5.85,4.95,"S"
371071,32,"Med","N",0,4,35,18.1,1.14,5.19,"S"
371139,38,"SupInc","N",6,11,37,19.1,2.37,4.69,"S"
371228,19,"Med","N",0,0,17,12.4,0.34,1.77,"S"
371240,21,"SupInc","N",0,1,35,22.7,2.13,5.82,"S"
371311,28,"Bas","N",7,3,43,23.4,0.27,9.79,"S"
371316,19,"Med","N",0,0,30,24.3,0.53,6.76,"S"
371328,48,"Bas","N",0,12,28,2.6,0.12,0.61,"N"
371340,46,"Bas","N",15,13,95,15.4,6.69,7.94,"N"
371388,30,"Med","N",6,5,32,1.5,0.19,0.29,"N"
371395,52,"Bas","N",30,13,125,15.7,8.32,11.3,"N"
371420,33,"Med","N",3,3,36,18,2.18,4.3,"N"
371423,36,"SupCom","N",10,7,51,13.2,3.45,3.28,"N"
371426,71,"Med","N",13,10,59,24.4,2.66,11.73,"N"
371473,40,"SupCom","N",12,10,87,5.8,0.54,4.5,"N"
371580,32,"SupCom","N",5,5,87,10.4,0.46,8.59,"N"
371656,32,"Med","N",12,7,75,7.1,1.55,3.78,"N"
371660,25,"SupInc","N",1,3,16,4.5,0.39,0.33,"N"
371716,36,"SupCom","N",8,6,100,19.9,11.56,8.34,"S"
371741,22,"Med","N",0,1,18,3.5,0.33,0.3,"N"
371761,35,"Med","N",9,9,43,14.9,2.52,3.89,"N"
371783,26,"SupInc","N",4,1,23,8.2,0.35,1.54,"N"
371803,51,"Bas","N",23,10,47,2.2,0.34,0.69,"N"
371809,20,"SupInc","N",0,1,31,18.3,1.95,3.72,"S"
371811,39,"Med","N",7,10,56,10.9,4.07,2.03,"S"
371824,33,"Med","N",6,8,41,2.1,0.02,0.84,"N"
371907,25,"Med","N",6,0,18,16.3,1.86,1.07,"S"
371910,43,"SupInc","N",8,9,49,6,0.87,2.07,"N"
371939,33,"Posg","N",0,5,46,15.7,0.75,6.47,"N"
371987,36,"SupCom","N",8,8,58,17.2,1.28,8.7,"N"
371988,33,"SupCom","N",5,7,35,5.2,0.58,1.24,"N"
372012,25,"Med","N",5,2,18,12.6,0.11,2.15,"S"
372041,40,"SupInc","N",5,9,34,23.3,1.53,6.39,"N"
372048,41,"Med","N",14,9,76,18,9.18,4.5,"S"
372086,28,"Bas","N",4,4,20,13.6,0.53,2.19,"N"
372090,19,"Med","N",0,0,20,1.2,0.03,0.21,"N"
372091,25,"Med","N",7,3,27,7.6,0.23,1.82,"N"
372120,46,"Bas","N",6,5,37,31.6,2.34,9.35,"S"
372126,43,"SupInc","N",13,7,71,4.2,1.41,1.57,"N"
372138,57,"Bas","N",25,22,61,1.6,0.18,0.8,"N"
372174,70,"Bas","N",6,22,22,19.9,0.5,3.88,"N"
372193,32,"Med","N",7,2,40,6.2,0.51,1.97,"N"
372218,18,"Med","N",0,0,22,3.4,0.37,0.38,"S"
372221,23,"SupInc","N",1,1,42,1.3,0.17,0.38,"N"
372227,36,"Med","N",4,9,57,4.2,0.69,1.7,"S"
372245,20,"SupInc","N",0,0,27,5.1,0.53,0.85,"N"
372258,29,"Posg","N",2,3,25,12,1.13,1.87,"S"
372266,22,"Med","N",0,1,30,11.5,1.69,1.76,"S"
372285,41,"SupCom","N",6,7,87,3.7,1.02,2.2,"N"
372317,26,"Med","N",4,3,22,6.7,0.03,1.44,"N"
372406,40,"Bas","N",3,11,21,5.3,0.09,1.02,"N"
372407,46,"SupInc","N",12,12,111,5.8,1.09,5.34,"N"
372420,42,"SupInc","N",19,2,24,15.1,2,1.62,"N"
372447,20,"SupInc","N",0,0,21,15.1,1.26,1.91,"S"
372450,22,"SupCom","N",0,1,51,8.7,1.07,3.37,"S"
372485,20,"SupInc","N",0,0,13,1.1,0.05,0.09,"N"
372496,24,"SupCom","N",1,2,36,13,1,3.68,"S"
372514,72,"Med","N",48,30,233,28.8,18.25,48.85,"N"
372545,51,"Med","N",9,19,82,14.6,1.5,10.48,"N"
372551,57,"Posg","N",31,23,1079,1.4,1.96,13.14,"N"
372571,33,"SupInc","N",3,9,26,12.8,0.92,2.41,"N"
