product_id,product_category_id,product_name,product_price
1,2,Quest Q64 10 FT. x 10 FT. Slant Leg Instant U,119.96
2,2,Under Armour Men's Highlight MC Football Clea,129.99
3,2,Under Armour Men's Renegade D Mid Football Cl,89.99
4,2,Under Armour Men's Renegade D Mid Football Cl,89.99
5,2,Riddell Youth Revolution Speed Custom Footbal,199.99
6,2,Jordan Men's VI Retro TD Football Cleat,134.99
7,2,Schutt Youth Recruit Hybrid Custom Football H,99.99
8,2,Nike Men's Vapor Carbon Elite TD Football Cle,129.99
9,2,Nike Adult Vapor Jet 3.0 Receiver Gloves,50.0
10,2,Under Armour Men's Highlight MC Football Clea,129.99
11,2,Fitness Gear 300 lb Olympic Weight Set,209.99
12,2,Under Armour Men's Highlight MC Alter Ego Fla,139.99
13,2,Under Armour Men's Renegade D Mid Football Cl,89.99
14,2,Quik Shade Summit SX170 10 FT. x 10 FT. Canop,199.99
15,2,Under Armour Kids' Highlight RM Alter Ego Sup,59.99
16,2,Riddell Youth 360 Custom Football Helmet,299.99
17,2,Under Armour Men's Highlight MC Football Clea,129.99
18,2,Reebok Men's Full Zip Training Jacket,29.97
19,2,Nike Men's Fingertrap Max Training Shoe,124.99
20,2,Under Armour Men's Highlight MC Football Clea,129.99
21,2,Under Armour Kids' Highlight RM Football Clea,54.99
22,2,Kijaro Dual Lock Chair,29.99
23,2,Under Armour Men's Highlight MC Alter Ego Hul,139.99
24,2,Elevation Training Mask 2.0,79.99
25,3,Quest Q64 10 FT. x 10 FT. Slant Leg Instant U,59.98
26,3,Nike Men's USA White Home Stadium Soccer Jers,90.0
27,3,Nike Youth USA Away Stadium Replica Soccer Je,75.0
28,3,adidas Brazuca 2014 Top Glider Soccer Ball,29.99
29,3,Nike Men's USA Away Stadium Replica Soccer Je,90.0
30,3,adidas Men's Germany Home Soccer Jersey,90.0
31,3,Nike+ Fuelband SE,99.0
32,3,PUMA Men's evoPOWER 1 Tricks FG Soccer Cleat,189.99
33,3,adidas Brazuca 2014 Top Repliqu Soccer Ball,39.99
34,3,Nike Womens Pro Core 3 Compression Shorts,28.0
35,3,adidas Brazuca 2014 Official Match Ball,159.99
36,3,adidas Men's Germany Black/Red Away Match Soc,90.0
37,3,adidas Kids' F5 Messi FG Soccer Cleat,34.99
38,3,Nike Men's Hypervenom Phantom Premium FG Socc,0.0
39,3,Nike Women's Pro Victory Compression Bra,21.99
40,3,Quik Shade Summit SX170 10 FT. x 10 FT. Canop,199.99
41,3,adidas Men's Mexico Home Soccer Jersey,90.0
42,3,adidas Kids' F10 Messi TRX FG Soccer Cleat,44.99
43,3,Kijaro Dual Lock Chair,29.99
44,3,adidas Men's F10 Messi TRX FG Soccer Cleat,59.99
45,3,adidas Men's F10 Messi FG Soccer Cleat,59.99
46,3,Quest 12' x 12' Dome Canopy,149.99
47,3,Nike Women's Pro Hyperwarm Fitted Tights,24.97
48,3,adidas Brazuca Final Rio Official Match Ball,159.99
49,4,Diamondback Adult Sorrento Mountain Bike 2014,299.98
50,4,Quest Q64 10 FT. x 10 FT. Slant Leg Instant U,59.98
51,4,MAC Sports Collapsible Wagon,69.99
52,4,Easton Mako Youth Bat 2014 (-11),249.97
53,4,adidas Brazuca 2014 Top Glider Soccer Ball,29.99
54,4,Nike+ Fuelband SE,99.0
55,4,adidas Brazuca 2014 Top Repliqu Soccer Ball,39.99
56,4,Fitbit Flex Wireless Activity & Sleep Wristba,99.95
57,4,Nike Women's Pro Core 3 Compression Shorts,28.0
58,4,Diamondback Boys' Insight 24 Performance Hybr,299.99
59,4,adidas Brazuca 2014 Official Match Ball,159.99
60,4,SOLE E25 Elliptical,999.99
61,4,Diamondback Girls' Clarity 24 Hybrid Bike 201,299.99
62,4,Easton XL1 Youth Bat 2014 (-10),179.97
63,4,Fitness Gear 300 lb Olympic Weight Set,209.99
64,4,Nike Women's Pro Victory Compression Bra,21.99
65,4,Quik Shade Summit SX170 10 FT. x 10 FT. Canop,199.99
66,4,SOLE F85 Treadmill,1799.99
67,4,Kijaro Dual Lock Chair,29.99
68,4,Diamondback Adult Outlook Mountain Bike 2014,309.99
69,4,Easton S1 Youth Bat 2014 (-12),179.97
70,4,Elevation Training Mask 2.0,79.99
71,4,Diamondback Adult Response XE Mountain Bike 2,349.98
72,4,Quest 12' x 12' Dome Canopy,149.99
73,5,Quest Q64 10 FT. x 10 FT. Slant Leg Instant U,59.98
74,5,Goaliath 54 In-Ground Basketball Hoop with P,499.99
75,5,Nike Women's Pro Core 3 Compression Shorts,28.0
76,5,Jordan Men's VI Retro TD Football Cleat,134.99
77,5,Schutt Youth Recruit Hybrid Custom Football H,99.99
78,5,Nike Kids' Grade School KD VI Basketball Shoe,99.99
79,5,Fitness Gear 300 lb Olympic Weight Set,209.99
80,5,Nike Women's Pro Victory Compression Bra,21.99
81,5,Quik Shade Summit SX170 10 FT. x 10 FT. Canop,199.99
82,5,Kijaro Dual Lock Chair,29.99
83,5,Elevation Training Mask 2.0,79.99
84,5,Nike Men's KD VI Basketball Shoe,129.99
85,5,Nike Kids' Grade School LeBron XI Basketball ,139.99
86,5,Quest 12' x 12' Dome Canopy,149.99
87,5,Nike Women's Pro Hyperwarm Fitted Tights,24.97
88,5,Nike Kids' Grade School KD VI Basketball Shoe,99.99
89,5,Nike Elite Crew Basketball Sock,14.0
90,5,Nike Men's LeBron XI Basketball Shoe,199.99
91,5,Quest Q100 10' X 10' Dome Canopy,99.98
92,5,Nike Men's LeBron XI Low Basketball Shoe,169.99
93,5,Under Armour Men's Tech II T-Shirt,24.99
94,5,Fitness Gear Pro Utility Bench,179.99
95,5,Nike Hoops Elite Team Backpack,70.0
96,5,Teeter Hang Ups NXT-S Inversion Table,299.99
97,6,Quest Q64 10 FT. x 10 FT. Slant Leg Instant U,59.98
98,6,Nike Women's Pro Core 3 Compression Shorts,28.0
99,6,Nike Women's Pro Victory Compression Bra,21.99
100,6,Quik Shade Summit SX170 10 FT. x 10 FT. Canop,199.99
101,6,Kijaro Dual Lock Chair,29.99
102,6,Quest 12' x 12' Dome Canopy,149.99
103,6,Nike Women's Pro Hyperwarm Fitted Tights,24.97
104,6,Nike Elite Crew Basketball Sock,14.0
105,6,Quest Q100 10' X 10' Dome Canopy,99.98
106,6,Teeter Hang Ups NXT-S Inversion Table,299.99
107,6,SKLZ Sport-Brella XL,69.99
108,6,E-Z Up Vista 12' x 12' Recreational Instant S,134.99
109,6,Under Armour Men's Ignite Camo II Slide,34.99
110,6,McDavid HEX Extended Leg Sleeves,29.99
111,6,Kijaro XXL Dual Lock Oversized Chair,39.99
112,6,Nike Women's Pro Hyperwarm Half Zip Long Slee,31.97
113,6,Nike Men's Alpha Pro D Mid Football Cleat,99.99
114,6,Nike Men's Fly Shorts 2.0,34.0
115,6,Under Armour Men's Highlight RM Football Clea,59.99
116,6,Nike Men's Comfort 2 Slide,44.99
117,6,YETI Tundra 65 Chest Cooler,399.99
118,6,Quest 12' x 12' Screen House,69.99
119,6,Quest Oversized Arm Chair,21.99
120,6,Nike Hyper Elite Crew Basketball Sock,18.0
121,7,Quest Q64 10 FT. x 10 FT. Slant Leg Instant U,59.98
122,7,Nike+ Fuelband SE,99.0
123,7,Fitbit Flex Wireless Activity & Sleep Wristba,99.95
124,7,Nike Women's Pro Core 3 Compression Shorts,28.0
125,7,Nike Women's Pro Victory Compression Bra,21.99
126,7,Quik Shade Summit SX170 10 FT. x 10 FT. Canop,199.99
127,7,Stiga Master Series ST3100 Competition Indoor,329.99
128,7,Kijaro Dual Lock Chair,29.99
129,7,Quest 12' x 12' Dome Canopy,149.99
130,7,Nike Women's Pro Hyperwarm Fitted Tights,24.97
131,7,Nike Elite Crew Basketball Sock,14.0
132,7,Under Armour Hustle Backpack,54.99
133,7,Quest Q100 10' X 10' Dome Canopy,99.98
134,7,Nike Women's Legend V-Neck T-Shirt,25.0
135,7,Nike Dri-FIT Crew Sock 6 Pack,22.0
136,7,Nike Hoops Elite Team Backpack,70.0
137,7,Teeter Hang Ups NXT-S Inversion Table,299.99
138,7,SKLZ Sport-Brella XL,69.99
139,7,E-Z Up Vista 12' x 12' Recreational Instant S,134.99
140,7,Under Armour Men's Ignite Camo II Slide,34.99
141,7,Under Armour Boys' Match Play Golf Polo,29.99
142,7,McDavid HEX Extended Leg Sleeves,29.99
143,7,Kijaro XXL Dual Lock Oversized Chair,39.99
144,7,Garmin Forerunner 220 GPS Watch,249.99
145,8,Quest Q64 10 FT. x 10 FT. Slant Leg Instant U,59.98
146,8,Nike Women's Pro Core 3 Compression Shorts,28.0
147,8,Nike Women's Pro Victory Compression Bra,21.99
148,8,Quik Shade Summit SX170 10 FT. x 10 FT. Canop,199.99
149,8,Kijaro Dual Lock Chair,29.99
150,8,Quest 12' x 12' Dome Canopy,149.99
151,8,Nike Women's Pro Hyperwarm Fitted Tights,24.97
152,8,Quest Q100 10' X 10' Dome Canopy,99.98
153,8,Teeter Hang Ups NXT-S Inversion Table,299.99
154,8,SKLZ Sport-Brella XL,69.99
155,8,E-Z Up Vista 12' x 12' Recreational Instant S,134.99
156,8,Under Armour Men's Ignite Camo II Slide,34.99
157,8,Reebok Women's Performance Essentials Printed,45.0
158,8,McDavid HEX Extended Leg Sleeves,29.99
159,8,Kijaro XXL Dual Lock Oversized Chair,39.99
160,8,Nike Women's Pro Hyperwarm Half Zip Long Slee,31.97
161,8,Nike Men's Comfort 2 Slide,44.99
162,8,YETI Tundra 65 Chest Cooler,399.99
163,8,Quest 12' x 12' Screen House,69.99
164,8,adidas Women's Tiro 13 Soccer Pants,45.0
165,8,Quest Oversized Arm Chair,21.99
166,8,Under Armour Men's Ignite III Slide,34.99
167,8,Nike Women's Pro Printed Sports Bra,25.99
168,8,Nike Women's 3 Pro Compression Shorts,32.0
169,9,Diamondback Adult Sorrento Mountain Bike 2014,299.98
170,9,Quest Q64 10 FT. x 10 FT. Slant Leg Instant U,59.98
171,9,MAC Sports Collapsible Wagon,69.99
172,9,Nike Women's Tempo Shorts,30.0
173,9,Under Armour Men's Highlight MC Football Clea,129.99
174,9,Nike Men's USA White Home Stadium Soccer Jers,90.0
175,9,Nike Women's Tempo Shorts,30.0
176,9,Easton Mako Youth Bat 2014 (-11),249.97
177,9,Nike Youth USA Away Stadium Replica Soccer Je,75.0
178,9,adidas Brazuca 2014 Top Glider Soccer Ball,29.99
179,9,Brooks Women's Adrenaline GTS 13 Running Shoe,89.99
180,9,Nike Men's USA Away Stadium Replica Soccer Je,90.0
181,9,Lifetime Freestyle XL Stand-Up Paddle Board,399.99
182,9,adidas Men's Germany Home Soccer Jersey,90.0
183,9,Nike+ Fuelband SE,99.0
184,9,PUMA Men's evoPOWER 1 Tricks FG Soccer Cleat,189.99
185,9,Goaliath 54 In-Ground Basketball Hoop with P,499.99
186,9,adidas Brazuca 2014 Top Repliqu© Soccer Ball,39.99
187,9,Top Flite Women's XL 12-Piece Complete Set - ,179.98
188,9,Fitbit Flex Wireless Activity & Sleep Wristba,99.95
189,9,Nike Women's Tempo Shorts,30.0
190,9,Under Armour Men's Renegade D Mid Football Cl,89.99
191,9,Nike Men's Free 5.0+ Running Shoe,99.99
192,9,Nike Women's Pro Core 3 Compression Shorts,28.0
193,10,Diamondback Adult Sorrento Mountain Bike 2014,299.98
194,10,Nike+ Fuelband SE,99.0
195,10,Fitbit Flex Wireless Activity & Sleep Wristba,99.95
196,10,Diamondback Boys' Insight 24 Performance Hybr,299.99
197,10,SOLE E25 Elliptical,999.99
198,10,Diamondback Girls' Clarity 24 Hybrid Bike 201,299.99
199,10,SOLE F85 Treadmill,1799.99
200,10,Diamondback Adult Outlook Mountain Bike 2014,309.99
201,10,Elevation Training Mask 2.0,79.99
202,10,Diamondback Adult Response XE Mountain Bike 2,349.98
203,10,GoPro HERO3+ Black Edition Camera,399.99
204,10,Rollerblade Men's Spark 84 Inline Skate,159.99
205,10,Diamondback Adult Wildwood Citi Classic Comfo,269.99
206,10,Diamondback Adult Edgewood Hybrid Bike 2014,299.98
207,10,Rollerblade Women's Spark 84 Inline Skates,159.99
208,10,SOLE E35 Elliptical,1999.99
209,10,Quest 15 FT Trampoline Enclosure Combo,499.99
210,10,Thule Trailway 4-Bike Hitch Vehicle Rack,199.98
211,10,Diamondback Grind BMX Bike 2014,199.99
212,10,Under Armour Men's Ignite Camo II Slide,34.99
213,10,Exerpeutic 900XL Magnetic Recumbent Bike with,199.99
214,10,Diamondback Women's Vital 2 Hybrid Bike 2014,299.98
215,10,Garmin vivofit Fitness Band with HRM,169.99
216,10,Yakima DoubleDown Ace Hitch Mount 4-Bike Rack,189.0
217,11,Fitness Gear 300 lb Olympic Weight Set,209.99
218,11,Elevation Training Mask 2.0,79.99
219,11,Fitness Gear Pro Utility Bench,179.99
220,11,Teeter Hang Ups NXT-S Inversion Table,299.99
221,11,Fitness Gear Pro Olympic Bench,249.99
222,11,Fitness Gear Pro Half Rack,349.99
223,11,Teeter Hang-Ups EP-970 Limited Inversion Tabl,399.99
224,11,PowerBlock Classic 50 lb Adjustable Dumbbell ,299.99
225,11,Marcy Pro Circuit Trainer,499.99
226,11,Bowflex SelectTech 1090 Dumbbells,599.99
227,11,Reebok Men's CrossFit Nano 3.0 Training Shoe,109.99
228,11,Fitness Gear Olympic Bench,199.99
229,11,Marcy Diamond 9010 Smith Cage,799.99
230,11,BOSU Balance Trainer,119.99
231,11,Nike Men's Romaleos 2 Weightlifting Shoe,199.99
232,11,adidas Men's Powerlift 2 Training Shoe,89.99
233,11,Core Fitness 5 - 50 lb Adjustable Dumbbells -,399.99
234,11,Fitness Gear Pro Core Bench,129.99
235,11,Under Armour Hustle Storm Medium Duffle Bag,34.99
236,11,PowerBlock 24 lb Adjustable Dumbbell Set,159.99
237,11,Fitness Gear 7' Olympic Bar,79.99
238,11,Fitness Gear Heavy Bag Stand,99.99
239,11,Reebok Women's CrossFit Nano 2.0 Training Sho,109.99
240,11,Stamina Air Rower,299.99
241,12,Nike Women's Tempo Shorts,30.0
242,12,Nike Women's Tempo Shorts,30.0
243,12,Brooks Women's Adrenaline GTS 13 Running Shoe,89.99
244,12,Nike+ Fuelband SE,99.0
245,12,Fitbit Flex Wireless Activity & Sleep Wristba,99.95
246,12,Nike Women's Tempo Shorts,30.0
247,12,Nike Women's Pro Core 3 Compression Shorts,28.0
248,12,Nike Women's Free 4.0 Running Shoe,89.99
249,12,Under Armour Women's Micro G Skulpt Running S,54.97
250,12,Under Armour Women's Play Up Shorts,24.99
251,12,Brooks Women's Ghost 6 Running Shoe,89.99
252,12,Nike Women's Pro Victory Compression Bra,21.99
253,12,Nike Women's Free 5.0+ Running Shoe,99.99
254,12,Brooks Women's Ghost 6 Running Shoe,89.99
255,12,ASICS Women's GEL-Noosa Tri 9 Running Shoe,139.99
256,12,Elevation Training Mask 2.0,79.99
257,12,Under Armour Women's Tech T-Shirt,16.99
258,12,Nike Women's Free 5.0 TR FIT PRT 4 Training S,94.99
259,12,Nike Women's Pro Hyperwarm Fitted Tights,24.97
260,12,ASICS Women's GEL-Nimbus 15 Running Shoe,119.99
261,12,ASICS Women's GEL-Cumulus 15 Running Shoe,89.99
262,12,Fitness Gear Pro Utility Bench,179.99
263,12,Nike Women's Legend V-Neck T-Shirt,25.0
264,12,Nike Dri-FIT Crew Sock 6 Pack,22.0
265,13,Elevation Training Mask 2.0,79.99
266,13,Under Armour Men's Ignite Camo II Slide,34.99
267,13,Nike Men's Comfort 2 Slide,44.99
268,13,Everlast PowerCore 2 Station Stand and Bag Ki,199.99
269,13,Under Armour Men's Ignite III Slide,34.99
270,13,Nike Men's Comfort 2 Slide,44.99
271,13,Under Armour Kids' Ignite III Slide,27.99
272,13,Under Armour Women's Ignite VI Slide,31.99
273,13,Under Armour Kids' Mercenary Slide,27.99
274,13,Nike Men's Benassi Swoosh Slide,21.99
275,13,Under Armour Girls' UA Ignite VI Slide,27.99
276,13,Under Armour Women's Ignite Slide,31.99
277,13,Under Armour Women's Ignite VI Camo Slide,34.99
278,13,Under Armour Men's Compression EV SL Slide,44.99
279,13,Nike Men's Air LeBron 3 Elite Slide,69.99
280,13,Under Armour Hustle Storm Medium Duffle Bag,34.99
281,13,Fitness Gear Heavy Bag Stand,99.99
282,13,Under Armour Women's Ignite PIP VI Slide,31.99
283,13,Under Armour Kids' Mercenary Slide,27.99
284,13,Under Armour Women's Ignite VI Slide,31.99
285,13,Under Armour Men's Mercenary Slide,34.99
286,13,Under Armour Men's Ignite III Slide,34.99
287,13,Nike Men's Comfort 2 Slide,44.99
288,13,Nike Men's Air LeBron 3 Elite Slide,69.99
289,38,Nike+ Fuelband SE,99.0
290,38,Fitbit Flex Wireless Activity & Sleep Wristba,99.95
291,38,Garmin Forerunner 220 GPS Watch,249.99
292,38,Garmin Women's Forerunner 10 GPS Watch,129.99
293,38,Garmin vivofit Fitness Band with HRM,169.99
294,38,Garmin Forerunner 10 GPS Watch,129.99
295,38,Fitbit The One Wireless Activity & Sleep Trac,99.95
296,38,Nike+ Sportwatch GPS Powered by TomTom with S,169.0
297,38,Garmin vivofit Fitness Band,129.99
298,38,Garmin Forerunner 15 GPS Watch with HRM,199.99
299,38,Jawbone UP24 Activity Tracker,149.99
300,38,Garmin Forerunner 620 GPS Watch with Heart Ra,449.99
301,38,Garmin Forerunner 15 GPS Watch,169.99
302,38,Nike+ Sportwatch GPS Powered by TomTom,149.0
303,38,Garmin Forerunner 910XT GPS Watch,399.99
304,38,Garmin Forerunner 220 GPS Watch with Premium ,299.99
305,38,Mio ALPHA Heart Rate Monitor/Sport Watch,199.0
306,38,Polar FT4 Heart Rate Monitor,89.99
307,38,Garmin Forerunner 910XT with HRM,449.99
308,38,Fitbit Zip Wireless Activity Tracker,59.95
309,38,Fitbit Aria Wi-Fi Smart Scale,129.95
310,38,Beats by Dr. Dre Solo2 Headphones,199.95
311,38,Polar Loop Activity Tracker,109.95
312,38,TomTom Multi-Sport Cardio + Cycle GPS Watch w,399.99
313,15,Under Armour Women's Seamless Essential Sport,24.99
314,15,Nike Women's Studio Wrap,36.99
315,15,Nike Women's Legend Tight Capris 2.0,60.0
316,15,Nike Women's Legend Regular Capris 2.0,65.0
317,15,Nike Women's Printed Studio Wrap,36.99
318,15,Under Armour Women's Seamless Advantage Sport,29.99
319,15,Under Armour Women's HeatGear Sonic Printed C,29.99
320,15,Manduka PRO Yoga Mat,100.0
321,15,Reebok Women's Fitness Essentials Regular Fit,34.0
322,15,Nike Women's Studio Wrap Three-Part Pack,81.99
323,15,Under Armour Women's Achieve T-Back Tank Top,24.99
324,15,Reebok Women's Fitness Essential Slim Fit Cap,34.0
325,15,lucy Women's Hatha Capri Leggings,79.0
326,15,Mission Enduracool Instant Cooling Towel,14.99
327,15,Reebok Women's Performance Regular Motion Fit,50.0
328,15,Under Armour Women's Perfect Flowy Tank Top,32.99
329,15,Under Armour Women's Essential Banded Tank To,49.99
330,15,Nike Women's Dri-FIT Cotton Tight Capris,40.0
331,15,The North Face Women's Be Calm Tank Top,38.0
332,15,Under Armour Women's Pure Stretch Sheer Cheek,12.0
333,15,lucy Women's Heart Center Tank Top,55.0
334,15,Reebok Women's Fitness Essentials Regular Fit,38.0
335,15,Nike Women's Dri-FIT Cotton Regular-Fit Capri,45.0
336,15,Nike Swoosh Headband - 2,5.0
337,16,Fitness Gear 300 lb Olympic Weight Set,209.99
338,16,Nike Men's Fingertrap Max Training Shoe,124.99
339,16,Elevation Training Mask 2.0,79.99
340,16,PRIMED 12' x 6' Instant Soccer Goal,149.99
341,16,Fitness Gear Pro Utility Bench,179.99
342,16,SKLZ Quickster 12' x 6' Portable Soccer Goal,149.99
343,16,Teeter Hang Ups NXT-S Inversion Table,299.99
344,16,Under Armour Men's Ignite Camo II Slide,34.99
345,16,Fitness Gear Pro Olympic Bench,249.99
346,16,Fitness Gear Pro Half Rack,349.99
347,16,adidas Brazuca Final Rio Top Glider Soccer Ba,29.99
348,16,McDavid HEX Extended Leg Sleeves,29.99
349,16,Franklin 12' x 6' Competition Steel Soccer Go,119.99
350,16,Nike Men's Comfort 2 Slide,44.99
351,16,Jugs Complete Practice Travel Screen,149.99
352,16,Under Armour Men's Ignite III Slide,34.99
353,16,Nike Men's Comfort 2 Slide,44.99
354,16,Nike Men's Fingertrap Max Training Shoe,124.99
355,16,Nike Men's Free Trainer 5.0 Training Shoe,99.99
356,16,PRIMED 7' x 5' Soccer Trainer,99.99
357,16,Under Armour Kids' Ignite III Slide,27.99
358,16,Reebok Women's Solid Classic Tank Swimsuit,64.99
359,16,Nike Men's Free TR 5.0 TB Training Shoe,99.99
360,16,Under Armour Women's Ignite VI Slide,31.99
361,17,Bowflex Uppercut,129.99
362,17,Perfect Fitness Perfect Ab Strap Pro,29.99
363,17,Total Gym 1100,199.99
364,17,Total Gym 1400,299.99
365,17,Perfect Fitness Perfect Rip Deck,59.99
366,17,Gazelle Supreme Glider,299.99
367,17,Gazelle Edge Pro Glider,149.99
368,17,Pink BOSU Balance Trainer,119.99
369,17,BOSU Ballast Ball,59.99
370,17,Kettleglove Unisex Kettleball Gloves,19.99
371,17,Total Gym 1900,399.99
372,17,Perfect Ab Carver Pro,39.99
373,17,Perfect Fitness Multi Gym Pro,39.99
374,17,Perfect Pushup BASIC,19.99
375,17,Gold's Gym K10 7-in-1 Body Building Kit,49.99
376,17,Perfect Pushup V2 Performance,29.99
377,17,Perfect Pullup Basic,19.99
378,17,AB Roller Evolution,29.99
379,17,Perfect Multi-Gym - As Seen on TV!,29.99
380,17,BOSU Balance Trainer,119.99
381,18,Under Armour Men's Highlight MC Football Clea,129.99
382,18,PUMA Men's evoPOWER 1 Tricks FG Soccer Cleat,189.99
383,18,Under Armour Men's Renegade D Mid Football Cl,89.99
384,18,Under Armour Men's Renegade D Mid Football Cl,89.99
385,18,Jordan Men's VI Retro TD Football Cleat,134.99
386,18,Nike Men's Vapor Carbon Elite TD Football Cle,129.99
387,18,adidas Kids' F5 Messi FG Soccer Cleat,34.99
388,18,Nike Men's Hypervenom Phantom Premium FG Socc,0.0
389,18,Under Armour Men's Highlight MC Football Clea,129.99
390,18,Under Armour Men's Highlight MC Alter Ego Fla,139.99
391,18,Under Armour Men's Renegade D Mid Football Cl,89.99
392,18,Under Armour Kids' Highlight RM Alter Ego Sup,59.99
393,18,Under Armour Men's Highlight MC Football Clea,129.99
394,18,Nike Men's Fingertrap Max Training Shoe,124.99
395,18,adidas Kids' F10 Messi TRX FG Soccer Cleat,44.99
396,18,Under Armour Men's Highlight MC Football Clea,129.99
397,18,Under Armour Kids' Highlight RM Football Clea,54.99
398,18,adidas Men's F10 Messi TRX FG Soccer Cleat,59.99
399,18,Under Armour Men's Highlight MC Alter Ego Hul,139.99
400,18,Under Armour Men's Highlight MC Football Clea,129.99
401,18,adidas Men's F10 Messi FG Soccer Cleat,59.99
402,18,Under Armour Men's Highlight MC Alter Ego Cap,139.99
403,18,Nike Men's CJ Elite 2 TD Football Cleat,129.99
404,18,Nike Men's Vapor Carbon Elite TD Football Cle,129.99
405,19,Under Armour Men's Highlight MC Football Clea,129.99
406,19,Nike+ Fuelband SE,99.0
407,19,PUMA Men's evoPOWER 1 Tricks FG Soccer Cleat,189.99
408,19,Fitbit Flex Wireless Activity & Sleep Wristba,99.95
409,19,Under Armour Men's Renegade D Mid Football Cl,89.99
410,19,Nike Men's Free 5.0+ Running Shoe,99.99
411,19,Under Armour Men's Renegade D Mid Football Cl,89.99
412,19,Jordan Men's VI Retro TD Football Cleat,134.99
413,19,Nike Men's Vapor Carbon Elite TD Football Cle,129.99
414,19,Nike Men's Hypervenom Phantom Premium FG Socc,0.0
415,19,Under Armour Men's Highlight MC Football Clea,129.99
416,19,Nike Men's Free 5.0 Running Shoe,99.99
417,19,Under Armour Men's Highlight MC Alter Ego Fla,139.99
418,19,Under Armour Men's Renegade D Mid Football Cl,89.99
419,19,Brooks Men's Adrenaline GTS 13 Running Shoe,89.99
420,19,Under Armour Men's Highlight MC Football Clea,129.99
421,19,Nike Men's Fingertrap Max Training Shoe,124.99
422,19,Under Armour Men's Highlight MC Football Clea,129.99
423,19,adidas Men's F10 Messi TRX FG Soccer Cleat,59.99
424,19,Under Armour Men's Highlight MC Alter Ego Hul,139.99
425,19,Nike Men's Air Max 2014 Running Shoe,149.99
426,19,Under Armour Men's Highlight MC Football Clea,129.99
427,19,adidas Men's F10 Messi FG Soccer Cleat,59.99
428,19,Under Armour Men's Highlight MC Alter Ego Cap,139.99
429,20,Brooks Women's Adrenaline GTS 13 Running Shoe,89.99
430,20,Nike+ Fuelband SE,99.0
431,20,Fitbit Flex Wireless Activity & Sleep Wristba,99.95
432,20,Nike Women's Free 4.0 Running Shoe,89.99
433,20,Under Armour Women's Micro G Skulpt Running S,54.97
434,20,Brooks Women's Ghost 6 Running Shoe,89.99
435,20,Nike Women's Free 5.0+ Running Shoe,99.99
436,20,Brooks Women's Ghost 6 Running Shoe,89.99
437,20,ASICS Women's GEL-Noosa Tri 9 Running Shoe,139.99
438,20,Nike Women's Free 5.0 TR FIT PRT 4 Training S,94.99
439,20,ASICS Women's GEL-Nimbus 15 Running Shoe,119.99
440,20,Nike Men's Mercurial Victory IV FG Soccer Cle,59.97
441,20,ASICS Women's GEL-Cumulus 15 Running Shoe,89.99
442,20,Nike Dri-FIT Crew Sock 6 Pack,22.0
443,20,Nike Women's Air Pegasus+ 30 Running Shoe,89.99
444,20,Nike Women's Downshifter 5 Running Shoe,49.98
445,20,Nike Women's Air Pegasus+ 30 Running Shoe,89.99
446,20,Nike Women's LunarGlide+ 5 Running Shoe,109.99
447,20,Nike Women's Free TR Connect 2 Training Shoe,109.99
448,20,Nike Women's Zoom Fly Running Shoe,89.99
449,20,Mizuno Women's Wave Inspire 9 Running Shoe,79.97
450,20,Garmin Forerunner 220 GPS Watch,249.99
451,20,Garmin Women's Forerunner 10 GPS Watch,129.99
452,20,Garmin vivofit Fitness Band with HRM,169.99
453,21,Nike Kids' Grade School KD VI Basketball Shoe,99.99
454,21,adidas Kids' F5 Messi FG Soccer Cleat,34.99
455,21,Under Armour Kids' Highlight RM Alter Ego Sup,59.99
456,21,adidas Kids' F10 Messi TRX FG Soccer Cleat,44.99
457,21,Under Armour Kids' Highlight RM Football Clea,54.99
458,21,Nike Kids' Grade School LeBron XI Basketball ,139.99
459,21,Under Armour Kids' Highlight RM Alter Ego Cap,59.99
460,21,Under Armour Kids' Highlight RM Alter Ego Bat,59.99
461,21,Under Armour Kids' Highlight RM Football Clea,54.99
462,21,Under Armour Kids' Highlight RM Alter Ego Fla,59.99
463,21,Nike Kids' Grade School KD VI Basketball Shoe,99.99
464,21,Nike Kids' Vapor Strike 4 Mid TD Football Cle,59.99
465,21,Under Armour Kids' Highlight RM Football Clea,54.99
466,21,Under Armour Kids' Highlight RM Alter Ego Hul,59.99
467,21,Nike Kids' Vapor Strike 4 Mid TD Football Cle,59.99
468,21,Under Armour Kids' C1N MC Football Cleat,69.99
469,21,Nike Kids' Vapor Strike 4 Mid TD Football Cle,59.99
470,21,adidas Kids' RG III Mid Football Cleat,69.99
471,21,Nike Kids' Grade School KD VI Basketball Shoe,99.99
472,21,Nike Kids' Vapor Strike 4 Mid TD Football Cle,59.99
473,21,Under Armour Kids' Highlight RM Football Clea,54.99
474,21,Nike Hyper Elite Crew Basketball Sock,18.0
475,21,Nike Kids' Vapor Strike 4 Mid TD Football Cle,59.99
476,21,Reebok All Sport Athletic Sock,8.0
477,22,Nike Women's Tempo Shorts,30.0
478,22,Nike Women's Tempo Shorts,30.0
479,22,Brooks Women's Adrenaline GTS 13 Running Shoe,89.99
480,22,Nike+ Fuelband SE,99.0
481,22,Top Flite Women's XL 12-Piece Complete Set - ,179.98
482,22,Fitbit Flex Wireless Activity & Sleep Wristba,99.95
483,22,Nike Women's Tempo Shorts,30.0
484,22,Nike Men's Free 5.0+ Running Shoe,99.99
485,22,Nike Women's Pro Core 3 Compression Shorts,28.0
486,22,Coleman River Gorge 6 Person Dome Tent,79.98
487,22,Jordan Men's VI Retro TD Football Cleat,134.99
488,22,SOLE E25 Elliptical,999.99
489,22,Nike Kids' Grade School KD VI Basketball Shoe,99.99
490,22,Nike Women's Free 4.0 Running Shoe,89.99
491,22,Under Armour Women's Micro G Skulpt Running S,54.97
492,22,Nike Men's Free 5.0 Running Shoe,99.99
493,22,Brooks Women's Ghost 6 Running Shoe,89.99
494,22,Nike Women's Pro Victory Compression Bra,21.99
495,22,Slazenger Women's Ava Sleeveless Fashion Golf,32.0
496,22,SOLE F85 Treadmill,1799.99
497,22,Nike Women's Free 5.0+ Running Shoe,99.99
498,22,Brooks Men's Adrenaline GTS 13 Running Shoe,89.99
499,22,Brooks Women's Ghost 6 Running Shoe,89.99
500,22,Kijaro Dual Lock Chair,29.99
501,24,Nike Men's USA White Home Stadium Soccer Jers,90.0
502,24,Nike Men's Dri-FIT Victory Golf Polo,50.0
503,24,Nike Youth USA Away Stadium Replica Soccer Je,75.0
504,24,adidas Brazuca 2014 Top Glider Soccer Ball,29.99
505,24,Nike Men's USA Away Stadium Replica Soccer Je,90.0
506,24,adidas Men's Germany Home Soccer Jersey,90.0
507,24,Nike+ Fuelband SE,99.0
508,24,PUMA Men's evoPOWER 1 Tricks FG Soccer Cleat,189.99
509,24,adidas Brazuca 2014 Top Repliqu© Soccer Ball,39.99
510,24,Fitbit Flex Wireless Activity & Sleep Wristba,99.95
511,24,Nike Women's Pro Core 3 Compression Shorts,28.0
512,24,Nike Men's Flat Front Tech Golf Shorts,65.0
513,24,adidas Brazuca 2014 Official Match Ball,159.99
514,24,adidas Men's Germany Black/Red Away Match Soc,90.0
515,24,adidas Kids' F5 Messi FG Soccer Cleat,34.99
516,24,Callaway X Hot Laser Rangefinder,229.99
517,24,Nike Men's Hypervenom Phantom Premium FG Socc,0.0
518,24,Nike Women's Pro Victory Compression Bra,21.99
519,24,adidas Men's Mexico Home Soccer Jersey,90.0
520,24,adidas Men's Ultimate Short Sleeve Shirt,22.0
521,24,Nike Men's Dri-FIT Flat Front Tech Golf Pants,80.0
522,24,Reebok Men's Full Zip Training Jacket,29.97
523,24,adidas Kids' F10 Messi TRX FG Soccer Cleat,44.99
524,24,adidas Men's F10 Messi TRX FG Soccer Cleat,59.99
525,25,Nike Women's Tempo Shorts,30.0
526,25,Nike Men's USA White Home Stadium Soccer Jers,90.0
527,25,Nike Women's Tempo Shorts,30.0
528,25,Nike Youth USA Away Stadium Replica Soccer Je,75.0
529,25,adidas Brazuca 2014 Top Glider Soccer Ball,29.99
530,25,Brooks Women's Adrenaline GTS 13 Running Shoe,89.99
531,25,Nike Men's USA Away Stadium Replica Soccer Je,90.0
532,25,adidas Men's Germany Home Soccer Jersey,90.0
533,25,Nike+ Fuelband SE,99.0
534,25,PUMA Men's evoPOWER 1 Tricks FG Soccer Cleat,189.99
535,25,adidas Brazuca 2014 Top Repliqu© Soccer Ball,39.99
536,25,Top Flite Women's XL 12-Piece Complete Set - ,179.98
537,25,Fitbit Flex Wireless Activity & Sleep Wristba,99.95
538,25,Nike Women's Tempo Shorts,30.0
539,25,Nike Women's Pro Core 3 Compression Shorts,28.0
540,25,Coleman River Gorge 6 Person Dome Tent,79.98
541,25,adidas Brazuca 2014 Official Match Ball,159.99
542,25,adidas Men's Germany Black/Red Away Match Soc,90.0
543,25,Lady Hagen Women's Milan Golf Polo,25.0
544,25,adidas Kids' F5 Messi FG Soccer Cleat,34.99
545,25,Callaway X Hot Laser Rangefinder,229.99
546,25,Nike Women's Free 4.0 Running Shoe,89.99
547,25,Nike Men's Hypervenom Phantom Premium FG Socc,0.0
548,25,Under Armour Women's Micro G Skulpt Running S,54.97
549,26,Lotto Men's Zhero Gravity V 700 TF Soccer Cle,59.99
550,26,adidas Men's 2014 All-Star Game Tactile Hunte,20.0
551,26,Lotto Men's Zhero Gravity V 700 TF Soccer Cle,59.99
552,26,Lotto Men's Zhero Gravity V 700 TF Soccer Cle,59.99
553,26,adidas Men's 2014 MLS All-Star Game Dueling T,24.0
554,26,adidas Men's 2014 MLS All-Star Game Cross Bla,20.0
555,26,adidas Original Men's 2014 MLS All-Star Game ,28.0
556,26,adidas Original Men's 2014 MLS All-Star Game ,28.0
557,26,adidas Men's 2014 MLS All-Star Game Rose City,28.0
558,26,adidas Men's 2014 MLS All-Star Game Crest Gre,28.0
559,26,adidas Women's 2014 MLS All-Star Game Dueling,28.0
560,26,adidas Men's 2014 MLS All-Star Game Replica B,85.0
561,26,adidas Men's 2014 MLS All-Star Game Lumber Hu,22.0
562,26,adidas Men's 2014 MLS All-Star Game Axis Hunt,22.0
563,26,adidas Men's Germany 2014 FIFA World Cup Braz,22.0
564,26,Nike Men's Deutschland Weltmeister Winners Bl,30.0
565,26,adidas Youth Germany Black/Red Away Match Soc,70.0
566,26,adidas Men's Germany Black/Red Away Match Soc,90.0
567,26,adidas Men's Germany Black Crest Away Tee,25.0
568,26,adidas Youth Germany Black Crest Tee,18.0
569,26,adidas Men's Germany Home Soccer Jersey,90.0
570,26,adidas Men's Germany Home Replica White Top,50.0
571,26,TYR Boys' Venom Blade Splice Jammer,51.99
572,26,TYR Boys' Team Digi Jammer,39.99
573,27,Lotto Men's Zhero Gravity V 700 TF Soccer Cle,59.99
574,27,adidas Men's 2014 All-Star Game Tactile Hunte,20.0
575,27,Lotto Men's Zhero Gravity V 700 TF Soccer Cle,59.99
576,27,Lotto Men's Zhero Gravity V 700 TF Soccer Cle,59.99
577,27,adidas Men's 2014 MLS All-Star Game Dueling T,24.0
578,27,adidas Men's 2014 MLS All-Star Game Cross Bla,20.0
579,27,adidas Original Men's 2014 MLS All-Star Game ,28.0
580,27,adidas Original Men's 2014 MLS All-Star Game ,28.0
581,27,adidas Men's 2014 MLS All-Star Game Rose City,28.0
582,27,adidas Men's 2014 MLS All-Star Game Crest Gre,28.0
583,27,adidas Women's 2014 MLS All-Star Game Dueling,28.0
584,27,adidas Men's 2014 MLS All-Star Game Replica B,85.0
585,27,adidas Men's 2014 MLS All-Star Game Lumber Hu,22.0
586,27,adidas Men's 2014 MLS All-Star Game Axis Hunt,22.0
587,27,adidas Men's Germany 2014 FIFA World Cup Braz,22.0
588,27,Nike Men's Deutschland Weltmeister Winners Bl,30.0
589,27,adidas Youth Germany Black/Red Away Match Soc,70.0
590,27,adidas Men's Germany Black/Red Away Match Soc,90.0
591,27,adidas Men's Germany Black Crest Away Tee,25.0
592,27,adidas Youth Germany Black Crest Tee,18.0
593,27,adidas Men's Germany Home Soccer Jersey,90.0
594,27,adidas Men's Germany Home Replica White Top,50.0
595,27,TYR Girls' Phoenix Maxfit Back Swimsuit,75.99
596,27,TYR Girls' Palisade Maxfit Back Swimsuit,75.99
597,41,Nike+ Fuelband SE,99.0
598,41,Fitbit Flex Wireless Activity & Sleep Wristba,99.95
599,41,Callaway X Hot Laser Rangefinder,229.99
600,41,Nike Women's Pro Victory Compression Bra,21.99
601,41,GoPro HERO3+ Black Edition Camera,399.99
602,41,Nike Elite Crew Basketball Sock,14.0
603,41,Under Armour Hustle Backpack,54.99
604,41,Nike Dri-FIT Crew Sock 6 Pack,22.0
605,41,Nike Hoops Elite Team Backpack,70.0
606,41,Bushnell 2014 Tour V3 Patriot Pack Laser Rang,299.99
607,41,Garmin Approach S3 Golf GPS Watch,249.99
608,41,Garmin Forerunner 220 GPS Watch,249.99
609,41,Garmin Approach G6 Golf GPS,249.99
610,41,GolfBuddy Voice GPS,119.99
611,41,Garmin Women's Forerunner 10 GPS Watch,129.99
612,41,Garmin vivofit Fitness Band with HRM,169.99
613,41,Garmin Forerunner 10 GPS Watch,129.99
614,41,Fitbit The One Wireless Activity & Sleep Trac,99.95
615,41,Primos Truth Cam Supercharged Blackout 7 MP G,99.99
616,41,Nike+ Sportwatch GPS Powered by TomTom with S,169.0
617,41,Nike Hyper Elite Crew Basketball Sock,18.0
618,41,Nike Women's Pro Printed Sports Bra,25.99
619,41,Nike Vapor Crew Football Sock,18.0
620,41,Nike Women's Pro Padded Sports Bra,40.0
621,29,Under Armour Men's Performance Chino Straight,79.99
622,29,Nike Kids' Toddler Air KD VII Basketball Shoe,49.99
623,29,adidas Men's Energy Boost Icon Metal Baseball,149.99
624,29,adidas Batting Helmet Hardware Kit,4.99
625,29,Nike Men's Kobe IX Elite Low Basketball Shoe,199.99
626,29,Nike Men's KD VII Basketball Shoe,149.99
627,29,Under Armour Girls' Toddler Spine Surge Runni,39.99
628,29,Under Armour Elevate 22 oz. Leak-Proof Water ,15.99
629,29,Nike Men's LeBron XI Low Basketball Shoe,169.99
630,29,ASICS Men's GEL-Blast 6 Volleyball Shoe,139.99
631,29,Nike Lunarwaverly Golf Shoes,139.99
632,29,Nike Lunarwaverly Golf Shoes,139.99
633,29,Nike Lunarwaverly Golf Shoes,139.99
634,29,Nike Lunarwaverly Golf Shoes,139.99
635,29,Nike Lunar Mount Royal Golf Shoes,99.99
636,29,Nike Lunar Mount Royal Golf Shoes,99.99
637,29,Nike Lunar Mount Royal Golf Shoes,99.99
638,29,Nike Lunar Mount Royal Golf Shoes,99.99
639,29,Columbia Men's PFG Terminal Elements Marlin T,30.0
640,29,Columbia Men's PFG Fear the Moray T-Shirt,30.0
641,29,Columbia Men's PFG Master Caster T-Shirt,30.0
642,29,Columbia Men's PFG Anchor Tough T-Shirt,30.0
643,29,Nike Lunar Cypress Golf Shoes,99.99
644,29,Nike Lunar Cypress Golf Shoes,99.99
645,30,Roxy Women's Steamer Long Sleeve Rash Guard,68.0
646,30,Merrell Women's Grassbow Sport Hiking Shoe,99.99
647,30,Merrell Women's Siren Mid Waterproof Hiking B,134.99
648,30,Merrell Women's Siren Mid Waterproof Hiking B,134.99
649,30,Merrell Men's Chameleon Prime Stretch Realtre,109.99
650,30,Merrell Men's Chameleon Prime Stretch Hiking ,109.99
651,30,Merrell Men's Chameleon Prime Stretch Realtre,129.99
652,30,Merrell Women's Grassbow Sport Waterproof Hik,129.99
653,30,Merrell Women's Grassbow Sport Hiking Shoe,99.99
654,30,Merrell Men's Moab Rover Waterproof Wide Hiki,109.99
655,30,Merrell Men's Moab Rover Waterproof Wide Hiki,109.99
656,30,Merrell Men's Moab Rover Waterproof Wide Hiki,109.99
657,30,Merrell Women's Azura Wide Hiking Shoe,99.99
658,30,Merrell Women's Azura Hiking Shoe,99.99
659,30,Merrell Men's Moab Rover Waterproof Wide Hiki,119.99
660,30,Merrell Men's Moab Rover Waterproof Hiking Sh,119.99
661,30,Merrell Women's Azura Wide Hiking Shoe,99.99
662,30,Merrell Women's Azura Hiking Shoe,99.99
663,30,Merrell Men's Moab Rover Mid Waterproof Wide ,139.99
664,30,Merrell Men's Moab Rover Mid Waterproof Wide ,139.99
665,30,Merrell Men's Moab Rover Mid Waterproof Hikin,139.99
666,30,Merrell Men's All Out Flash Trail Running Sho,109.99
667,30,Merrell Women's All Out Flash Trail Running S,109.99
668,30,Merrell Women's All Out Flash Trail Running S,109.99
669,31,Cleveland Golf My Custom Wedge 588 Forged RTX,179.99
670,31,Cleveland Golf Elite My Custom Wedge 588 Forg,209.99
671,31,Cleveland Golf Collegiate My Custom Wedge 588,209.99
672,31,PING G30 Driver,349.0
673,31,PING G30 Fairway Wood,249.0
674,31,PING G30 Hybrid,219.0
675,31,PING G30 Irons - (Steel) 4-UW,799.0
676,31,PING G30 Irons - (Graphite) 4-UW,899.0
677,31,TaylorMade White Smoke IN-12 Putter,99.99
678,31,TaylorMade White Smoke MC-72 Putter,99.99
679,31,Tour Edge Exotics CB Pro S Forged Wedge,99.99
680,31,Boccieri Golf EL C2-M Counterbalance Putter,149.99
681,31,Boccieri Golf EL C2-M Counterbalance Putter,119.99
682,31,Boccieri Golf EL L3-M Counterbalance Putter,149.99
683,31,Boccieri Golf EL L3-M Counterbalance Putter,119.99
684,31,PING Scottsdale TR Anser 2B Counterbalance Pu,199.99
685,31,Tour Edge XCG7 Irons - (Steel) 4-PW AW,899.99
686,31,MDGolf Texas Longhorns Putter,79.99
687,31,MDGolf Alabama Crimson Tide Putter,79.99
688,31,Tour Edge XCG7 Irons - (Steel) 4-PW,499.99
689,31,Tour Edge XCG7 Irons - (Graphite) 4-PW,599.99
690,31,Tour Edge XCG7 X-LITE Hybrid/Irons - (Graphit,599.99
691,31,MDGolf Pittsburgh Penguins Putter,79.99
692,31,MDGolf Philadelphia Flyers Putter,79.99
693,32,Top Flite Women's XL 12-Piece Complete Set - ,179.98
694,32,Callaway Women's Solaire Gems 20-Piece Comple,999.99
695,32,Callaway Women's Solaire Gems 20-Piece Comple,999.99
696,32,Wilson Women's Profile Petite 11-Piece Comple,299.99
697,32,Tour Edge Women's Moda Silk 18-Piece Complete,599.99
698,32,Cleveland Women's 588 Altitude Hybrid/Irons -,699.99
699,32,Tour Edge Women's Moda Silk 18-Piece Complete,599.99
700,32,Top Flite Women's 2014 XL Driver,29.99
701,32,Top Flite Women's 2014 XL Fairway,19.99
702,32,Top Flite Women's Tour Black PVD Wedge,59.99
703,32,Top Flite Women's 2014 XL Hybrid,19.99
704,32,Cobra Women's AMP CELL-S Irons - (Graphite) 5,499.99
705,32,Cleveland Golf Women's 588 RTX CB Satin Chrom,119.99
706,32,Top Flite Women's 2014 1.0 Blade Putter,29.99
707,32,Top Flite Women's 2014 2.0 Mallet Putter,29.99
708,32,Adams Golf Women's Idea Tech V4 Hybrid/Iron S,499.99
709,32,Top Flite Women's Aero Adjustable Driver - Gr,99.99
710,32,Top Flite Women's Aero Adjustable Driver - Pi,99.99
711,32,Top Flite Women's Aero Fairway,49.99
712,32,Top Flite Women's Aero Hybrid,49.99
713,32,TaylorMade Women's RBZ SL Driver,199.99
714,32,TaylorMade Women's RBZ SL Fairway,179.99
715,32,TaylorMade Women's RBZ SL Rescue,129.99
716,32,TaylorMade Women's RBZ SL Irons - (Graphite) ,449.99
717,33,Under Armour Men's Performance Chino Straight,79.99
718,33,Nike Lunarwaverly Golf Shoes,139.99
719,33,Nike Lunar Cypress Golf Shoes,99.99
720,33,LIJA Women's Eyelet Golf Skort,90.0
721,33,LIJA Women's Golf Beanie,10.8
722,33,LIJA Women's Golf Hat,27.0
723,33,LIJA Women's Golf Visor,22.5
724,33,LIJA Women's Mid-Length Panel Golf Shorts,100.0
725,33,LIJA Women's Button Golf Dress,108.0
726,33,LIJA Women's Ace Sleeveless Golf Polo,58.5
727,33,LIJA Women's Long Sleeve Golf Quarter-Zip Pul,80.0
728,33,LIJA Women's Eyelet Sleeveless Golf Polo,65.0
729,33,LIJA Women's Open Neck Print Golf Polo,80.0
730,33,LIJA Women's Argyle Golf Polo,80.0
731,33,LIJA Women's Mandarin Sleeveless Golf Polo,63.0
732,33,LILJA Women's Ace Golf Polo,70.0
733,33,Nike Women's Lunar Empress Golf Shoes,99.99
734,33,Black Clover Men's Premium Clover Mesh Back G,27.0
735,33,Black Clover Men's Premium Clover Mesh Back G,27.0
736,33,Black Clover Men's Premium Clover Fitted Golf,27.0
737,33,Black Clover Men's Premium Clover Flex Fit Go,27.0
738,33,Sport Haley Women's Embossed Golf Polo,76.0
739,33,Nike TW 14 Mesh Golf Shoes,169.99
740,33,Nike TW 14 Mesh Golf Shoes,169.99
741,34,FootJoy GreenJoys Golf Shoes,59.99
742,34,FootJoy GreenJoys Golf Shoes,59.99
743,34,Ogio Race Golf Shoes,169.99
744,34,Ogio Race Golf Shoes,169.99
745,34,Ogio City Spiked Golf Shoes,149.99
746,34,Ogio City Spiked Golf Shoes,149.99
747,34,Ogio City Spiked Golf Shoes,149.99
748,34,Ogio City Turf Golf Shoes,129.99
749,34,Ogio City Turf Golf Shoes,129.99
750,34,Ogio City Turf Golf Shoes,129.99
751,34,Ogio Sport Golf Shoes,99.99
752,34,Ogio Sport Golf Shoes,99.99
753,34,Ogio Sport Golf Shoes,99.99
754,34,TRUE linkswear Lyt Dry Golf Shoes,149.99
755,34,TRUE linkswear Lyt Dry Golf Shoes,149.99
756,34,TRUE linkswear Lyt Dry Golf Shoes,149.99
757,34,TRUE linkswear Vegas Golf Shoes,99.99
758,34,TRUE linkswear Vegas Golf Shoes,99.99
759,34,Nike Lunarwaverly Golf Shoes,139.99
760,34,Nike Lunarwaverly Golf Shoes,139.99
761,34,Nike Lunarwaverly Golf Shoes,139.99
762,34,Nike Lunarwaverly Golf Shoes,139.99
763,34,PING Golf Shoe Bag,34.99
764,34,Nike Lunar Mount Royal Golf Shoes,99.99
765,35,Club Glove Burst Proof with Wheels II Travel ,219.99
766,35,Club Glove Last Bag,299.99
767,35,Callaway 2014 Limited-Edition Hyper-Lite 5 St,199.99
768,35,Titleist Club Glove Travel Cover,299.99
769,35,Clicgear Rovic Wheel Cover,14.99
770,35,Clicgear Rovic Cart Seat,49.99
771,35,Clicgear Rovic Cooler Bag,39.99
772,35,Clicgear Rovic Shoe Brush,9.99
773,35,Titleist Small Wheeled Travel Cover,249.99
774,35,Clicgear 8.0 Pack Sack,27.99
775,35,Clicgear 8.0 Shoe Brush,9.99
776,35,Bag Boy C3 Push Cart,199.99
777,35,Bag Boy M330 Push Cart,79.99
778,35,Bag Boy Beverage Holder,24.99
779,35,Bag Boy Cart Seat,49.99
780,35,Bag Boy Express DLX Pro Push Cart,159.99
781,35,TaylorMade Performance Travel Cover,199.99
782,35,Maxfli Tour Travel Cover,149.99
783,35,Titleist 2014 Lightweight Stand Bag,199.99
784,35,Bag Boy Hybrid Pivot Grip Travel Cover,199.99
785,35,PING 2014 Hoofer 14 Stand Bag,219.99
786,35,TaylorMade 2014 Purelite Stand Bag,179.99
787,35,Nike 2014 Air Sport Stand Bag,149.99
788,35,Titleist 2014 14-Way Stand Bag,209.99
789,36,TaylorMade Men's Burner LTD Golf Glove,12.99
790,36,FootJoy Men's StaCool Golf Glove,13.99
791,36,Hirzl Women's Trust Feel Golf Glove,24.99
792,36,Hirzl Men's Hybrid Golf Glove,14.99
793,36,Hirzl Women's Hybrid Golf Glove,14.99
794,36,Hirzl Women's Trust Control Golf Glove,24.99
795,36,Hirzl Men's Soffft Flex Golf Glove,17.99
796,36,Callaway Women's X-Tech Golf Glove - White/Pi,12.99
797,36,Hirzl Women's Soffft Flex Golf Glove,17.99
798,36,Glove It Women's Urban Brick Golf Glove,19.99
799,36,Glove It Women's Versailles Golf Glove,19.99
800,36,Glove It Women's Navy Clear Dot Golf Glove,19.99
801,36,Glove It Women's Pink Clear Dot Golf Glove,19.99
802,36,Glove It Women's Olive Bling Golf Glove,19.99
803,36,Glove It Women's Silver Bling Golf Glove,19.99
804,36,Glove It Women's Imperial Golf Glove,19.99
805,36,Glove It Women's Red Clear Dot Golf Glove,19.99
806,36,Glove It Women's Violet Bling Golf Glove,24.99
807,36,Glove It Women's Hot Pink Bling Golf Glove,19.99
808,36,Glove It Women's Calypso Golf Glove,19.99
809,36,Glove It Women's 19th Hole Golf Glove,19.99
810,36,Glove It Women's Mod Oval Golf Glove,19.99
811,36,Glove It Women's Silver Willow Golf Glove,19.99
812,36,Glove It Women's Trellis Golf Glove,19.99
813,37,Callaway HX Practice Golf Balls - 18 Pack,19.99
814,37,Callaway HX Practice Golf Balls - 9 Pack,12.99
815,37,Zero Friction Practice Golf Balls - 12 Pack,4.99
816,37,Titleist Pro V1 Golf Balls,47.99
817,37,Titleist Pro V1 Personalized Golf Balls,51.99
818,37,Titleist Pro V1x Golf Balls,47.99
819,37,Titleist Pro V1x Personalized Golf Balls,51.99
820,37,Titleist Pro V1 High Numbers Golf Balls,47.99
821,37,Titleist Pro V1 High Numbers Personalized Gol,51.99
822,37,Titleist Pro V1x High Numbers Golf Balls,47.99
823,37,Titleist Pro V1x High Numbers Personalized Go,51.99
824,37,Titleist Pro V1 Double Number Golf Balls,51.99
825,37,Bridgestone e6 Straight Distance NFL Tennesse,31.99
826,37,Bridgestone e6 Straight Distance NFL Tampa Ba,31.99
827,37,Bridgestone e6 Straight Distance NFL Seattle ,31.99
828,37,Bridgestone e6 Straight Distance NFL San Dieg,31.99
829,37,Bridgestone e6 Straight Distance NFL San Fran,31.99
830,37,Bridgestone e6 Straight Distance NFL Miami Do,31.99
831,37,Bridgestone e6 Straight Distance NFL Jacksonv,31.99
832,37,Bridgestone e6 Straight Distance NFL Indianap,31.99
833,37,Bridgestone e6 Straight Distance NFL Houston ,31.99
834,37,Bridgestone e6 Straight Distance NFL Detroit ,31.99
835,37,Bridgestone e6 Straight Distance NFL Carolina,31.99
836,37,Bridgestone e6 Straight Distance NFL Baltimor,31.99
837,38,Voice Caddie SC100 Portable Golf Launch Monit,269.99
838,38,Voice Caddie SC100 Portable Golf Launch Monit,269.99
839,38,GolfBuddy VS4 Golf GPS,149.99
840,38,Zepp Golf Swing Analyzer,149.99
841,38,SkyCaddie LINX Golf GPS Watch,249.99
842,38,Bushnell 2014 Tour V3 Patriot Pack Laser Rang,299.99
843,38,Bushnell 2014 Tour V3 Slope Patriot Pack Lase,399.99
844,38,SkyCaddie LINX Golf GPS Watch,249.99
845,38,Garmin Approach S4 Golf GPS Watch,299.99
846,38,geckobrands iPhone Waterproof Dry Bag,19.99
847,38,geckobrands Galaxy Waterproof Dry Bag,19.99
848,38,geckobrands Galaxy Waterproof Dry Bag,19.99
849,38,geckobrands Galaxy Waterproof Dry Bag,19.99
850,38,geckobrands Galaxy Waterproof Dry Bag,19.99
851,38,geckobrands iPhone Waterproof Dry Bag,19.99
852,38,geckobrands iPhone Waterproof Dry Bag,19.99
853,38,geckobrands iPhone Waterproof Dry Bag,19.99
854,38,Maxfli Digital Golf Scope,39.99
855,38,Nikon COOLSHOT AS Slope Laser Rangefinder,349.99
856,38,Nikon COOLSHOT Laser Rangefinder,279.99
857,38,GolfBuddy PT4 Touchscreen GPS,399.99
858,38,GolfBuddy VT3 GPS Watch,199.99
859,38,Garmin Approach G8 Golf GPS,399.99
860,38,Bushnell Pro X7 Jolt Slope Rangefinder,599.99
861,39,Cobra Junior Kids' Complete Set (Height 53'' ,199.99
862,39,Cobra Junior Kids' Complete Set (Height 46'' ,179.99
863,39,Top Flite Kids' 2014 XLj Complete Set (Height,129.99
864,39,Top Flite Kids' 2014 XLj Complete Set (Height,129.99
865,39,Top Flite Kids' 2014 XLj Complete Set (Height,109.99
866,39,Top Flite Kids' 2014 XLj Complete Set (Height,109.99
867,39,Top Flite Kids' 2014 XLj Complete Set (Height,109.99
868,39,Top Flite Kids' XLj Driver (Height 53'' and a,34.99
869,39,Top Flite Kids' XLj 7 Iron (Height 53'' and a,19.99
870,39,Top Flite Kids' XLj Sand Wedge (Height 53'' a,19.99
871,39,Top Flite Kids' XLj Putter (Height 53'' and a,19.99
872,39,Top Flite Kids' XLj Driver (Height 46''-52''),34.99
873,39,Top Flite Kids' XLj 7 Iron (Height 46'' - 52',19.99
874,39,Top Flite Kids' XLj Sand Wedge (Height 46'' t,19.99
875,39,Top Flite Kids' XLj Putter (Height 46'' - 52',19.99
876,39,Top Flite Kids' XLj Driver (Height 45'' and u,34.99
877,39,Top Flite Kids' XLj 7 Iron (Height 45'' and u,19.99
878,39,Top Flite Kids' XLj Sand Wedge (Height 45'' a,19.99
879,39,Top Flite Kids' XLj Putter (Height 45'' and u,19.99
880,39,PING Kids' My First Putter,139.99
881,39,Tour Edge Kids' HT Max-J Complete Set (Height,109.99
882,39,Tour Edge Kids' HT Max-J Complete Set (Height,109.99
883,39,Tour Edge Girls' HT Max-J Complete Set (Heigh,109.99
884,39,Tour Edge Girls' HT Max-J Complete Set (Heigh,109.99
885,40,Team Golf St. Louis Cardinals Putter Grip,24.99
886,40,Team Golf San Francisco Giants Putter Grip,24.99
887,40,Team Golf New York Yankees Putter Grip,24.99
888,40,Team Golf Detroit Tigers Putter Grip,24.99
889,40,Team Golf Chicago Cubs Putter Grip,24.99
890,40,Team Golf Boston Red Sox Putter Grip,24.99
891,40,Team Golf Washington Redskins Putter Grip,24.99
892,40,Team Golf San Francisco 49ers Putter Grip,24.99
893,40,Team Golf Pittsburgh Steelers Putter Grip,24.99
894,40,Team Golf Dallas Cowboys Putter Grip,24.99
895,40,Team Golf Oakland Raiders Putter Grip,24.99
896,40,Team Golf New York Giants Putter Grip,24.99
897,40,Team Golf New England Patriots Putter Grip,24.99
898,40,Team Golf Minnesota Vikings Putter Grip,24.99
899,40,Team Golf Green Bay Packers Putter Grip,24.99
900,40,Team Golf Chicago Bears Putter Grip,24.99
901,40,Team Golf Baltimore Ravens Putter Grip,24.99
902,40,Team Golf West Virginia Mountaineers Putter G,24.99
903,40,Team Golf Missouri Tigers Putter Grip,24.99
904,40,Team Golf Wisconsin Badgers Putter Grip,24.99
905,40,Team Golf Texas Longhorns Putter Grip,24.99
906,40,Team Golf Tennessee Volunteers Putter Grip,24.99
907,40,Team Golf South Carolina Gamecocks Putter Gri,24.99
908,40,Team Golf Penn State Nittany Lions Putter Gri,24.99
909,41,PING Golf Shoe Bag,34.99
910,41,LIJA Women's Golf Beanie,10.8
911,41,LIJA Women's Golf Hat,27.0
912,41,LIJA Women's Golf Visor,22.5
913,41,Golf Pride Decade MultiCompound Platinum Stan,9.59
914,41,Golf Pride Decade MultiCompound Platinum Stan,9.59
915,41,Golf Pride Decade MultiCompound Platinum Stan,9.59
916,41,Glove It Women's Urban Brick 3-Zip Carry All ,21.99
917,41,Glove It Women's Mod Oval 3-Zip Carry All Gol,21.99
918,41,Glove It Women's Calypso 3-Zip Carry All Golf,21.99
919,41,Glove It Women's Imperial 3-Zip Carry All Gol,21.99
920,41,Glove It Women's Silver Willow 3-Zip Carry Al,21.99
921,41,Glove It Women's Santa Cruz 3-Zip Carry All G,21.99
922,41,Glove It Women's Trellis 3-Zip Carry All Golf,21.99
923,41,Glove It Women's Leopard 3-Zip Carry All Golf,21.99
924,41,Glove It Urban Brick Golf Towel,15.99
925,41,Glove It Mod Oval Golf Towel,15.99
926,41,Glove It Imperial Golf Towel,15.99
927,41,Glove It Silver Willow Golf Towel,15.99
928,41,Glove It Santa Cruz Golf Towel,15.99
929,41,Glove It Trellis Golf Towel,15.99
930,41,Glove It Nine and Wine Golf Towel,15.99
931,41,Glove It Women's Perforated 3-Zip Carry All G,29.99
932,41,Glove It Women's Pink Snake 3-Zip Carry All G,29.99
933,42,Nike VR_S Covert Driver,179.99
934,42,Callaway X Hot Driver,0.0
935,42,TaylorMade RocketBallz Stage 2 Driver,169.99
936,42,Cleveland Golf Classic XL Driver,119.99
937,42,Cobra AMP Cell Driver - Orange,169.99
938,43,Diamondback Adult Sorrento Mountain Bike 2014,299.98
939,43,Nike+ Fuelband SE,99.0
940,43,Diamondback Boys' Insight 24 Performance Hybr,299.99
941,43,Diamondback Girls' Clarity 24 Hybrid Bike 201,299.99
942,43,Diamondback Adult Outlook Mountain Bike 2014,309.99
943,43,Diamondback Adult Response XE Mountain Bike 2,349.98
944,43,GoPro HERO3+ Black Edition Camera,399.99
945,43,Rollerblade Men's Spark 84 Inline Skate,159.99
946,43,Diamondback Adult Wildwood Citi Classic Comfo,269.99
947,43,Diamondback Adult Edgewood Hybrid Bike 2014,299.98
948,43,Rollerblade Women's Spark 84 Inline Skates,159.99
949,43,Thule Trailway 4-Bike Hitch Vehicle Rack,199.98
950,43,Diamondback Grind BMX Bike 2014,199.99
951,43,Diamondback Women's Vital 2 Hybrid Bike 2014,299.98
952,43,Yakima DoubleDown Ace Hitch Mount 4-Bike Rack,189.0
953,43,Diamondback Adult Trace Hybrid Bike 2014,449.99
954,43,Nishiki Women's Tamarack Comfort Bike 2014,299.99
955,43,Diamondback Women's Clarity Hybrid Bike 2013,399.99
956,43,Diamondback Adult Wildwood Classic Comfort Bi,299.98
957,43,Diamondback Women's Serene Classic Comfort Bi,299.98
958,43,Nishiki Adult Montour Hybrid Bike 2014,299.99
959,43,Diamondback Adult Insight Hybrid Bike 2013,399.99
960,43,Saris Bones 2-Bike Rack,125.99
961,43,Diamondback Women's Clarity 1 Hybrid Bike 201,399.99
962,44,Quest Q64 10 FT. x 10 FT. Slant Leg Instant U,59.98
963,44,MAC Sports Collapsible Wagon,69.99
964,44,Coleman River Gorge 6 Person Dome Tent,79.98
965,44,ENO DoubleNest Two Person Hammock,69.99
966,44,Quik Shade Summit SX170 10 FT. x 10 FT. Canop,199.99
967,44,Kijaro Dual Lock Chair,29.99
968,44,Quest 12' x 12' Dome Canopy,149.99
969,44,Coleman River Gorge 8 Person Tent,139.98
970,44,Quest Q100 10' X 10' Dome Canopy,99.98
971,44,SKLZ Sport-Brella XL,69.99
972,44,E-Z Up Vista 12' x 12' Recreational Instant S,134.99
973,44,Kijaro XXL Dual Lock Oversized Chair,39.99
974,44,The North Face Women's Stinson Rain Jacket,90.0
975,44,Eureka! Tetragon 5 Five Person Tent,129.99
976,44,Columbia Women's Sandy River Shorts,21.99
977,44,ENO Atlas Hammock Straps,29.99
978,44,YETI Tundra 65 Chest Cooler,399.99
979,44,Quest 12' x 12' Screen House,69.99
980,44,Quest Oversized Arm Chair,21.99
981,44,The North Face Women's Recon Backpack,99.0
982,44,insta-bed Neverflat Air Mattress,149.99
983,44,YETI Roadie 20 Chest Cooler,249.99
984,44,Quest Eagle Peak 6 Person Tent,79.99
985,44,Coleman RoadTrip LXE Grill,189.99
986,45,Under Armour Men's Highlight MC Football Clea,129.99
987,45,GoPro HERO3+ Black Edition Camera,399.99
988,45,Under Armour Men's Ignite Camo II Slide,34.99
989,45,Under Armour Men's Highlight MC Football Clea,129.99
990,45,Under Armour WWP Freedom Flag T-Shirt,27.99
991,45,Bushnell 2014 Tour V3 Patriot Pack Laser Rang,299.99
992,45,Under Armour Men's Highlight MC Football Clea,129.99
993,45,Under Armour Men's Highlight MC Football Clea,129.99
994,45,Primos Truth Cam Supercharged Blackout 7 MP G,99.99
995,45,Bushnell 2014 Tour V3 Slope Patriot Pack Lase,399.99
996,45,Bushnell Golf Tour v3 Patriot Pack Laser Rang,299.99
997,45,Under Armour Men's Highlight MC Football Clea,129.99
998,45,Bushnell NEO-X Golf GPS Watch,179.99
999,45,Timberland PRO Men's Pit Boss 6 Steel Toe Wo,99.99
1000,45,Nikon Monarch 5 10x42 Binoculars,329.99
1001,45,GoPro HERO3+ Silver Edition Camera,299.99
1002,45,Under Armour Women's Ignite VI Camo Slide,34.99
1003,45,Nike Men's Free TR 5.0 (LSA Pack) Training Sh,109.99
1004,45,Field & Stream Sportsman 16 Gun Fire Safe,399.98
1005,45,Diamond Infinite Edge RTH Compound Bow Packag,349.99
1006,45,O'Brien Neoprene Pet Life Vest,39.99
1007,45,Realtree Outfitters Men's Cobra Realtree Xtra,49.99
1008,45,Cuddeback Ambush IR Scouting Camera,119.99
1009,45,Diamond Fear No Evil Compound Bow Package,599.99
1010,46,DBX Vector Series Men's Nylon Life Vest,19.98
1011,46,Old Town Canoe Saranac 146 Canoe,499.99
1012,46,Pelican Trailblazer 100 Angler Fishing Kayak,299.99
1013,46,Perception Sport Swifty Deluxe 9.5 Kayak,349.99
1014,46,O'Brien Men's Neoprene Life Vest,49.98
1015,46,GoPro HERO3+ Black Edition Camera,399.99
1016,46,Field & Stream 12' Eagle Run Kayak,549.99
1017,46,DBX Vector Series Women's Nylon Life Vest,19.98
1018,46,Coleman Scanoe Canoe,399.99
1019,46,O'Brien Youth Neoprene Life Vest,44.98
1020,46,Field & Stream Eagle Talon Kayak,549.99
1021,46,Old Town Trip 10 Angler Deluxe Kayak,499.99
1022,46,O'Brien Women's Neoprene Life Vest,49.98
1023,46,Quest Pioneer Adjustable Aluminum Kayak Paddl,29.99
1024,46,Columbia Women's Sandy River Shorts,21.99
1025,46,Future Beach Trophy 126 Kayak,369.99
1026,46,Quantum Smoke PT Spinning Reels,119.99
1027,46,DBX Vector Series Youth Nylon Life Vest,34.99
1028,46,YETI Tundra 65 Chest Cooler,399.99
1029,46,DBX 4 Buckle Nylon Life Vest,39.99
1030,46,Perception Sport Striker 11.5 Angler Kayak,499.99
1031,46,YETI Roadie 20 Chest Cooler,249.99
1032,46,Sun Dolphin Sun Slider 5-Seated Pedal Boat wi,499.99
1033,46,YETI Tundra 45 Chest Cooler,349.99
1034,47,Nike+ Fuelband SE,99.0
1035,47,Goaliath 54 In-Ground Basketball Hoop with P,499.99
1036,47,Fitbit Flex Wireless Activity & Sleep Wristba,99.95
1037,47,Nike Women's Pro Core 3 Compression Shorts,28.0
1038,47,Kan Jam Disc Game,39.99
1039,47,Nike Women's Pro Victory Compression Bra,21.99
1040,47,Stiga Master Series ST3100 Competition Indoor,329.99
1041,47,Nike Women's Pro Hyperwarm Fitted Tights,24.97
1042,47,Under Armour Hustle Backpack,54.99
1043,47,Nike Women's Legend V-Neck T-Shirt,25.0
1044,47,Nike Hoops Elite Team Backpack,70.0
1045,47,Teeter Hang Ups NXT-S Inversion Table,299.99
1046,47,Quest 15 FT Trampoline Enclosure Combo,499.99
1047,47,Under Armour Men's Ignite Camo II Slide,34.99
1048,47,Spalding Beast 60 Glass Portable Basketball ,1099.99
1049,47,Under Armour Boys' Match Play Golf Polo,29.99
1050,47,McDavid HEX Extended Leg Sleeves,29.99
1051,47,Garmin Forerunner 220 GPS Watch,249.99
1052,47,Lifetime Elite 52 Portable Basketball Hoop,399.99
1053,47,Garmin Women's Forerunner 10 GPS Watch,129.99
1054,47,Spalding NBA 54 Glass Portable Basketball Ho,699.99
1055,47,Nike Women's Pro Hyperwarm Half Zip Long Slee,31.97
1056,47,Garmin vivofit Fitness Band with HRM,169.99
1057,47,Nike Men's Fly Shorts 2.0,34.0
1058,48,Lifetime Freestyle XL Stand-Up Paddle Board,399.99
1059,48,Pelican Maverick 100X Kayak,349.99
1060,48,DBX Vector Series Men's Nylon Life Vest,19.98
1061,48,Old Town Canoe Saranac 146 Canoe,499.99
1062,48,Pelican Vortex 80DLX Kayak,199.99
1063,48,Pelican Trailblazer 100 Angler Fishing Kayak,299.99
1064,48,Pelican Trailblazer 100 Kayak,229.99
1065,48,Perception Sport Swifty Deluxe 9.5 Kayak,349.99
1066,48,O'Brien Men's Neoprene Life Vest,49.98
1067,48,Field & Stream 12' Eagle Run Kayak,549.99
1068,48,DBX Vector Series Women's Nylon Life Vest,19.98
1069,48,Tiga 11'4 Stand-Up Paddle Board,799.99
1070,48,Coleman Scanoe Canoe,399.99
1071,48,Pelican Apex 100 Kayak,229.99
1072,48,O'Brien Youth Neoprene Life Vest,44.98
1073,48,Pelican Sunstream 100 Kayak,199.99
1074,48,Field & Stream Eagle Talon Kayak,549.99
1075,48,Old Town Trip 10 Angler Deluxe Kayak,499.99
1076,48,Future Beach Spirit 120 Kayak,269.99
1077,48,O'Brien Women's Neoprene Life Vest,49.98
1078,48,Quest Pioneer Adjustable Aluminum Kayak Paddl,29.99
1079,48,Future Beach Trophy 126 Kayak,369.99
1080,48,DBX Vector Series Youth Nylon Life Vest,34.99
1081,48,Snap OnTop Solo Kayak,399.99
